user_id,group,converted,session_length,revenue
1,control,0,30.888505004666268,0.8611381655775646
2,control,1,23.323278206449494,3.1233270918800455
3,control,0,31.900989255029817,3.5507548832107645
4,control,0,33.05292872641912,0.8085860059914317
5,control,0,32.7989522396552,2.5970028143017623
6,control,0,35.40390362777311,1.7440178106975417
7,control,0,34.16961077274452,3.6392373819683166
8,control,0,32.29590039614219,3.914662538935987
9,control,0,29.649171442706766,1.7443314580351454
10,control,0,21.69519533242004,6.9549131830256306
11,control,0,32.14809109566293,3.3886631198873847
12,control,1,31.038438435815557,1.8183969131194564
13,control,0,31.357894185976868,0.7534843126406969
14,control,0,23.616257120898453,4.071716167088343
15,control,0,24.594717297958688,4.82694404128198
16,control,0,35.26576426666452,2.2351727097895147
17,control,0,29.802224230716725,3.726898211633622
18,control,0,33.40750348686312,9.469350736734006
19,control,0,30.141591880652307,6.226565408689468
20,control,0,30.148780697478728,0.2925577479180122
21,control,0,34.69141902987999,1.7999345266508164
22,control,0,27.41977635891313,3.005785145385176
23,control,0,30.480603884704916,3.535727560354754
24,control,0,27.688623556474788,3.7880360122299934
25,control,0,27.82751886283842,4.609579480849992
26,control,0,28.454139382656802,3.0852046355069764
27,control,0,31.110668858168566,3.3822401069704022
28,control,0,27.606256891682612,6.449650781475664
29,control,0,36.278780627867604,4.131003091401673
30,control,0,25.52696348890248,1.1664744257057489
31,control,0,29.065641779193204,3.621563503590047
32,control,0,27.801344708629124,3.0123436487746127
33,control,0,37.23488942176866,0.4529429646781482
34,control,1,30.982773882557872,3.763351192814912
35,control,1,35.159222697343175,1.3216906130624504
36,control,0,22.57219813481514,6.515304965126011
37,control,0,31.335251329346296,4.562480982086308
38,control,0,34.44815397811718,1.1036427322256055
39,control,0,30.41141994637712,6.314364878391625
40,control,0,35.32740187532676,8.37621856512535
41,control,0,27.41355774949814,2.728501157329499
42,control,0,37.0467372009279,2.998436533277164
43,control,0,41.49449061809625,5.8956888100546125
44,control,1,28.185807197801704,7.962652921914019
45,control,0,27.77248739299614,0.6197382776845721
46,control,0,37.2669223855885,1.2354385702665833
47,control,0,37.89786072865356,2.3811495302393677
48,control,0,27.385699864233658,2.5995719553238605
49,control,0,27.899065914520712,5.77884828850494
50,control,0,28.591076955697464,7.990223110107473
51,control,1,23.277747444828613,8.391587871605974
52,control,0,25.40674026757901,0.602287117932379
53,control,1,24.97929616623966,1.655508083962549
54,control,0,26.161012174479357,2.025674045284605
55,control,0,29.826575563066093,1.649469922410638
56,control,1,31.171073662682602,4.552514914604661
57,control,0,37.75250246407038,4.952138194257775
58,control,0,25.008229796306047,3.3499430749134946
59,control,0,34.92161199238292,3.110346908421905
60,control,0,28.930055778872454,2.4663344663850157
61,control,0,29.752681451737836,2.708780517807834
62,control,0,33.37409746083302,9.399227163077438
63,control,0,24.386389892188507,5.476116890986783
64,control,0,31.912048730920255,2.5435710127221363
65,control,0,30.83226104106528,3.063885335169905
66,control,0,32.462256320040744,4.628116445236245
67,control,0,31.44584321953909,1.1032866666968988
68,control,0,42.276500699554475,3.7162002194318764
69,control,0,26.81130007874342,5.267084517390496
70,control,1,27.345015224990913,4.800946925597254
71,control,0,26.88429736787618,1.6849679846373766
72,control,0,27.222614404198726,1.9735487218501668
73,control,0,26.81306436346741,0.3896404772934161
74,control,0,35.94508265553776,5.661346848994373
75,control,0,37.102521239949276,12.068412195758214
76,control,0,27.14626853125262,1.4784149493648333
77,control,0,25.838222134478855,7.060643174179008
78,control,0,32.35707778193202,11.377448888613662
79,control,0,27.238884778595143,2.2704688824435326
80,control,0,33.164659088777555,3.067190990281985
81,control,0,31.0146151042565,4.032346227134416
82,control,0,22.42127942501384,4.692606334375495
83,control,0,37.737526006650306,4.193657117985295
84,control,0,38.97938836547761,2.4209132252286674
85,control,0,26.93605654757807,5.2095717393435415
86,control,0,28.061492200320078,2.467180911616324
87,control,0,31.429326953624525,4.404882397658318
88,control,0,31.672283949935125,3.258346510360843
89,control,0,33.29272136336415,0.5313360272294596
90,control,0,40.05102269383175,7.768533760856937
91,control,0,29.11526386252975,2.019757443854306
92,control,0,26.00851377730773,8.29048032122821
93,control,0,23.103403859927365,6.8711420244124595
94,control,0,26.345349800290403,3.943595812220157
95,control,0,29.834365135631014,4.868031476980349
96,control,0,38.97278931758894,5.292220155565109
97,control,0,27.411943504819142,2.8493284205484484
98,control,0,31.118939758194493,2.9578045094681014
99,control,0,29.91788551963624,5.112761799104284
100,control,0,35.94196636724042,3.285260501219047
101,control,0,42.63466212936811,2.4274491239151645
102,control,0,27.345656135398396,1.7095088461883623
103,control,0,27.55280278740889,4.498668697404641
104,control,0,35.22080438534536,1.9628821018534535
105,control,1,33.409457448131555,6.092639588018653
106,control,0,39.23353662868017,6.449604320650876
107,control,0,32.91964092662982,4.841368787433806
108,control,0,28.203539546064704,5.577905860936648
109,control,0,32.95327415346155,4.85161778621106
110,control,0,35.54351790291454,5.856507880573295
111,control,0,34.10241090598682,5.684832813295384
112,control,0,32.53637015553649,4.325603323727124
113,control,1,35.33337344794577,6.930249944096005
114,control,0,35.84647795222836,2.9297746720907516
115,control,0,36.91079495518763,1.75620699815744
116,control,0,33.24354943794821,1.6773833244762846
117,control,0,29.164409598415727,2.599731117097954
118,control,0,30.733568432166614,0.4449609905593561
119,control,0,36.03254483254179,3.9149415582782265
120,control,0,25.91532164506382,5.341674212281417
121,control,0,31.843366544364507,6.387442435140649
122,control,0,28.033305938363196,0.6670986320546212
123,control,0,30.143724114674086,1.7263599091730186
124,control,0,36.39225931303649,5.966459332905487
125,control,0,30.955495340099517,2.8575042996397197
126,control,0,30.232182740780743,5.257866776710884
127,control,0,23.200719295100406,1.0482216158281537
128,control,0,33.731267830136105,8.22534036837348
129,control,0,33.22742090570538,0.9673390442110235
130,control,0,40.8162736165273,3.8309211442281166
131,control,0,28.461108825234994,3.9045051215428024
132,control,0,31.095751638319694,2.2182533292744306
133,control,0,31.246918418553776,4.72076376203601
134,control,0,37.887266398817374,4.816195234451756
135,control,1,29.523522338065238,4.452674421716457
136,control,0,31.395107628851697,2.184326003196199
137,control,0,33.0394825485827,1.8421046998428874
138,control,0,30.93304561578179,2.384311574829385
139,control,0,27.767831927247357,1.6288535126767116
140,control,1,30.97044996449154,7.146462624528196
141,control,1,35.36815874929886,2.5563666823136098
142,control,0,24.8674235029447,3.7503045112469686
143,control,0,30.66484837073438,5.9498158836495
144,control,0,26.499395925304135,1.5582786721050403
145,control,0,35.97523314462421,0.9260097185208643
146,control,0,22.384065476081126,1.6339239470168678
147,control,0,27.205390763642058,4.058261303479881
148,control,0,31.886059375322603,3.8585813219572738
149,control,0,37.827620146171704,4.446566869406018
150,control,0,29.67124869463506,3.0738559629980395
151,control,1,27.22400236653401,0.16925452745504127
152,control,0,39.40578534720295,2.9985077020609596
153,control,0,22.75993049791878,6.4989321557357815
154,control,0,19.00597021689959,7.65206505775894
155,control,1,32.200072250266665,3.567526345475136
156,control,0,27.489728878236946,3.869196743103945
157,control,0,24.893835914346433,5.1894271075156855
158,control,0,33.541782236496765,7.508089075482434
159,control,0,31.219003568855996,3.3346967030748695
160,control,0,27.179606846316357,5.139077330830165
161,control,0,23.59847800664553,2.104339680893792
162,control,0,34.36228664140072,1.0705217804677403
163,control,0,33.251005889793305,2.294664477469697
164,control,0,29.504120681103085,8.665846792291951
165,control,0,39.23318498023833,5.21178099244395
166,control,0,24.649576168369236,1.172759545608358
167,control,0,22.372374145376305,5.381497217551892
168,control,0,26.540459650593778,1.2610718847149511
169,control,0,29.77206991822251,4.402734654016988
170,control,0,31.21669724661346,1.5045959906194868
171,control,0,28.79381971071835,1.1088718202113277
172,control,0,31.760276982571483,9.627941534100348
173,control,0,23.74230287904778,2.554801291585549
174,control,0,37.2188230203663,5.145905417229823
175,control,0,29.589244108037157,3.4401063736847193
176,control,0,35.58647915794064,1.3575280259311022
177,control,0,31.71362673188852,2.7772440631992144
178,control,0,32.28376609576892,1.3686777137222055
179,control,1,32.84883640116102,14.248915851366796
180,control,0,32.23854280008658,5.7972891462300105
181,control,0,33.21361379933772,3.3916771473039886
182,control,0,36.64576265066216,4.954945328210606
183,control,1,30.98260584850735,5.542626776906635
184,control,0,33.54501878794256,5.552795956710106
185,control,0,29.551321528563868,5.389960808547667
186,control,0,37.200586077247365,5.106780011538774
187,control,0,26.61803848970365,3.6033022592616133
188,control,0,39.004702164554075,9.145790247576441
189,control,0,29.799210246778284,3.7770980472407496
190,control,0,22.84612448940976,3.466458747696599
191,control,0,30.640522074553946,3.801229989546193
192,control,0,26.594741712625595,4.003726255142518
193,control,1,34.20321774494362,0.6729957949050629
194,control,0,26.736880103488044,1.619138270943448
195,control,0,27.769082833926102,3.0737752216525567
196,control,0,20.552296345272346,0.6361161135135212
197,control,0,27.738468403754617,3.3875533672859834
198,control,0,17.88060336685522,3.965186963342143
199,control,0,22.080485882571384,1.023457055663171
200,control,0,33.80207328072149,1.9817272862806345
201,control,0,33.92900079325416,7.858390846755223
202,control,0,32.12728780892483,4.990583960491958
203,control,0,25.165119284353935,4.79231556966996
204,control,0,29.7614432192901,7.228852727288566
205,control,0,29.981987304547157,1.6474451251861382
206,control,0,24.208176554037287,1.026499987549131
207,control,0,37.51699150883575,6.587731276224012
208,control,0,34.386811452878355,3.1410492001686703
209,control,0,28.89517913085168,1.6085580416656597
210,control,0,30.134429194972654,0.6670092679442804
211,control,0,31.04191403973776,3.8334459447891023
212,control,0,19.791325657878545,2.8663374163244684
213,control,0,28.764113087397014,2.492970952673866
214,control,0,26.590078760011007,0.2629940988328842
215,control,0,24.991899950525422,9.06714348234335
216,control,0,28.594498535570224,0.8427953819309163
217,control,0,38.988432634247616,2.691154417048065
218,control,0,33.20421430633505,2.3433249445399866
219,control,0,27.144105051086015,5.095598974221675
220,control,0,32.86291390678079,0.675468815687768
221,control,0,36.99677718293001,4.674724817351769
222,control,0,34.62316841456384,3.8475365680087443
223,control,0,30.29815184960087,1.8996047526804716
224,control,0,26.76531611147213,4.558321577081269
225,control,0,33.49111656806795,3.3830175097590005
226,control,0,31.967426927108747,10.499644793739025
227,control,1,34.47596610013866,2.864318839013003
228,control,0,33.175859008409844,1.4234715164984668
229,control,0,35.247763576596675,4.707908632007749
230,control,0,27.32382394219716,2.5885974407998398
231,control,0,36.58697032817163,3.3315040847207262
232,control,0,30.987998023461998,1.0349655919314913
233,control,0,40.37630436312632,5.1504865097451304
234,control,0,26.55406090955216,2.2610240967408695
235,control,0,38.67981901582625,4.068033884650543
236,control,0,30.989553917313238,12.225174893923642
237,control,0,26.74290998192776,2.7353319430977376
238,control,0,27.58057082972839,5.6476913312978985
239,control,0,28.3982634590284,2.8869678311393967
240,control,0,32.12082973200958,1.9220711679983513
241,control,1,32.6141774401775,8.04117988751995
242,control,1,27.131499980307105,0.4634710298174779
243,control,1,29.878227038695087,6.670125675496156
244,control,0,40.71135179305932,0.3953445338394307
245,control,0,38.637715850503554,6.20996764209987
246,control,1,32.18161834837016,3.3703222165010747
247,control,0,30.190017390841,1.4271306980654273
248,control,1,30.600156633591308,2.388953086373753
249,control,1,33.06758986365208,5.437970916829839
250,control,0,24.886037174007974,11.483681776527911
251,control,0,28.713117312883274,0.7061027739016822
252,control,0,21.657079630612053,1.5095658309098163
253,control,0,31.996115613026397,0.9432171972482295
254,control,0,33.2359796985137,2.8684828203290462
255,control,0,27.58406768850313,6.324236345042485
256,control,0,37.869933816450164,0.815005989018
257,control,1,23.871171684988294,3.302217131283209
258,control,0,22.6781255989509,6.18767269359247
259,control,0,31.12225909279986,2.360683885167278
260,control,0,35.23549151306077,3.8738539655524904
261,control,0,38.419638457289345,7.650499154856307
262,control,1,27.7055786856553,1.262157479512149
263,control,0,35.393404167156476,0.5271304546737136
264,control,0,29.807457652496463,4.228663008686314
265,control,0,29.136863500295902,4.314027503824651
266,control,0,34.41829968743336,2.226939191054343
267,control,0,33.261614392067095,1.875348308685486
268,control,0,22.118039215078753,3.4222943734875595
269,control,0,37.38270174862948,1.2404017912450325
270,control,0,36.90045677073726,1.2423006862240136
271,control,0,26.872186492452354,5.413157807048115
272,control,0,31.979017667187044,1.1599885711749638
273,control,0,32.47015093141369,0.5679958517605974
274,control,1,31.303368829119535,1.8720833098482714
275,control,0,27.2484742307729,2.272280705589322
276,control,0,26.641883160309742,4.6743632429936035
277,control,0,29.872229645042772,2.016341034546584
278,control,0,35.86364509629682,8.519746193926212
279,control,0,32.71800077297216,3.5585122546091714
280,control,0,28.14692833956947,1.6516318696264156
281,control,0,33.85849355324172,4.5345401436010775
282,control,0,15.757286896849623,8.419881643920798
283,control,0,35.74382850186052,5.31063519311773
284,control,0,21.301431106109504,0.7637189966198391
285,control,0,28.18779529298434,2.436964899206213
286,control,0,24.401650526869282,4.02197959635031
287,control,0,23.526592621395473,5.1581089612556115
288,control,0,35.8041339368926,2.8823429263938434
289,control,0,27.661493993440544,2.5720329624267095
290,control,0,31.73251940865358,10.449033851481058
291,control,0,29.76539710560408,5.365323114290633
292,control,0,32.385204136115604,4.544654806316365
293,control,0,30.384109455301278,2.0896199512763585
294,control,0,23.58503887905715,1.2232385871284177
295,control,0,34.9813340972357,4.60176589737933
296,control,0,27.531217084193436,5.776150853640308
297,control,0,22.217090506701247,3.318905341742913
298,control,0,27.859424195170437,5.3753204528302385
299,control,0,37.503798953171554,5.471025802159212
300,control,0,34.251108710567465,6.041480579865322
301,control,0,28.256739327960705,0.7495061912702228
302,control,0,28.253711478407855,2.493856523169425
303,control,0,28.391824743913087,4.800358321290678
304,control,0,40.383739917804206,3.463507129553185
305,control,0,31.909677261157768,5.482856504373367
306,control,1,32.15020823595535,4.542706879499245
307,control,0,35.151417270159214,0.2917795131815726
308,control,0,31.193945795132567,7.044443495621636
309,control,0,28.704789270896484,2.243537709324745
310,control,0,29.01825075457511,1.5650607237283816
311,control,0,29.641993702929682,6.8873793222045805
312,control,0,29.813888817450792,5.193710923761968
313,control,0,33.6381477181849,7.543903236151614
314,control,1,30.259729429036497,4.054403620123017
315,control,0,33.6632003860779,2.467884920263619
316,control,0,29.59641709945709,3.7174367539583897
317,control,0,30.393175951580453,1.3193280540038552
318,control,0,20.00899657733946,0.9185553406777388
319,control,0,34.581638373512405,1.9582670358563425
320,control,0,31.732442379489964,9.06862281512198
321,control,0,34.99005054929826,2.1324629206549224
322,control,0,15.518723109031553,0.5827628511006576
323,control,0,40.44187352390364,2.946791393966711
324,control,0,29.302051859224132,2.108616977340875
325,control,1,35.54091408368758,7.130882360140575
326,control,0,24.800470364372345,8.64648893795019
327,control,0,33.063869525312846,2.3756842047166122
328,control,0,24.73292218413172,4.051550407992279
329,control,0,26.881155196520975,4.302114614166582
330,control,0,39.570156769333934,3.209284928205047
331,control,0,29.046587996183266,2.773129139078611
332,control,0,31.087164365898616,1.4711461095080134
333,control,0,34.35033865344377,0.4777180385964778
334,control,0,32.47840943986302,1.4632610032416327
335,control,0,30.752094525717883,3.122505355083242
336,control,0,31.824805012331126,0.8165521038748204
337,control,0,42.01707792619138,3.897646005453357
338,control,0,29.711906014832074,3.515604532354284
339,control,0,31.005495233574837,2.1116764746424956
340,control,0,35.25327198003806,2.679970261892569
341,control,0,35.52762966478992,0.977833280729296
342,control,0,35.9351515278019,5.967439820472345
343,control,0,33.19365111014592,5.897910573692637
344,control,0,24.284975436347583,1.1606666955451852
345,control,0,38.16715766150548,1.1938443027955343
346,control,0,24.26827303490656,1.4812424938148376
347,control,0,31.513177326195166,4.969612937711723
348,control,0,26.22862074990321,4.292331829579904
349,control,0,29.679308267035037,6.834659537933149
350,control,0,31.6438120515174,7.356962231101129
351,control,0,31.606786077251364,0.7369422523438828
352,control,0,32.109603771176424,4.845241979680965
353,control,0,38.06855634529323,7.160736493350659
354,control,0,32.2676715075699,2.543015343029592
355,control,0,28.779216823546758,3.2728909941981006
356,control,0,34.820435841441785,2.9031147305182743
357,control,0,35.947352444623206,3.0052655222766385
358,control,0,23.86196092431504,5.95342179866024
359,control,1,32.98700034924929,10.198723851314876
360,control,0,33.50586371155449,8.323778786984345
361,control,0,28.51218248320004,2.196012838344628
362,control,0,36.878534066558096,4.060987665009615
363,control,0,29.249722064837368,1.691559942105784
364,control,0,30.627882267357712,1.849368555669787
365,control,1,29.13464087858065,3.162870954206816
366,control,0,30.077895237907338,1.8057506416238553
367,control,1,24.518624565523993,2.0487520179707985
368,control,1,22.79974558702853,3.9904700696516344
369,control,0,37.97252531612486,4.797130195892016
370,control,0,25.76519325840836,4.706595619004772
371,control,0,25.043038252718464,4.739972583006761
372,control,0,19.233049431981428,1.0501283603349718
373,control,0,26.805191261552487,1.7254253806126438
374,control,0,23.38455103296251,3.4322510558190054
375,control,0,38.21007580068185,6.942150475902288
376,control,0,35.04908544671317,13.91999163359917
377,control,0,26.559248274111383,4.180935840343829
378,control,0,41.26217902672154,5.565057122303549
379,control,0,34.90882743495797,0.9340191777603856
380,control,0,28.37584308245689,5.461621573413316
381,control,0,17.502971425632133,11.578616911752613
382,control,0,41.45471286295371,1.719821088720788
383,control,0,23.05213766618202,2.1062017949991323
384,control,0,21.773006265215542,6.0818168197687905
385,control,0,35.1128521600482,3.3993166068605274
386,control,0,42.19876203169636,0.42761753311487843
387,control,0,36.921364092552594,2.215328796117812
388,control,0,32.8195456002618,8.622785427552934
389,control,0,32.97377170832643,2.6636887475333335
390,control,0,34.267077793901535,2.6619165344799858
391,control,1,33.79464294893383,5.81885261456666
392,control,0,31.405957119846878,4.29068810976069
393,control,0,30.52100551975938,2.5489889965012797
394,control,0,29.687034360502388,1.98926669554623
395,control,0,26.23017705566662,18.217629057228912
396,control,1,28.59662461566613,7.690540971596648
397,control,0,21.535215929023074,4.738722546508249
398,control,0,29.50830186602625,4.955435274641418
399,control,0,25.057044464245415,3.0197910493999873
400,control,0,24.482053413921143,4.253607095035651
401,control,0,30.899470755767393,2.774502195870826
402,control,1,36.960011431723,1.582861138883663
403,control,0,34.59158303001156,4.375042832567354
404,control,0,22.147496981884114,2.5875686847913544
405,control,0,25.051859317148313,4.539919420466623
406,control,0,34.70385593994108,5.158549516961956
407,control,0,25.087563032308452,4.7118939437695495
408,control,0,28.876834250014877,1.4679335286188275
409,control,1,32.75026049512276,2.3676553603206085
410,control,0,25.158277725681824,2.6279921245333133
411,control,0,30.5268775307298,6.54100810571754
412,control,1,23.329872525408977,6.311599283727383
413,control,1,26.99316178024393,1.8163754591193242
414,control,0,31.598909670712686,1.0254088205889649
415,control,0,22.035031332341653,14.34502887862184
416,control,0,32.202373689801995,4.580857037628936
417,control,0,29.901811005366593,0.8915476020632509
418,control,0,32.76244977208574,2.077403255364287
419,control,0,31.119570670323306,6.7271537806243975
420,control,0,36.82070214986922,12.15604655943013
421,control,0,30.626122513239537,10.873603026913269
422,control,0,27.852972294373735,4.443905771465318
423,control,0,30.611487515161418,3.3420564521271823
424,control,0,32.716490145181936,1.3409857063505402
425,control,0,30.24430035162852,3.5595075909829705
426,control,0,30.202958456019413,1.5148063750211953
427,control,0,26.490041560966223,2.3867525430291425
428,control,0,26.68549541224526,6.077435289306556
429,control,0,22.986973641001534,2.763502463773753
430,control,0,38.7478837159347,2.617898094867077
431,control,0,23.780683823043574,3.2053786446392345
432,control,0,26.53547401102046,15.712086293330122
433,control,0,26.40796367215401,1.2076713903381484
434,control,0,34.474621884722204,4.111706101136396
435,control,0,28.52525160853986,10.247977038186683
436,control,0,36.23871036336867,3.198048998867798
437,control,0,26.63254687878066,7.595761050795355
438,control,0,31.39497081111901,0.9555863343554187
439,control,0,25.823264733701215,2.836227157067418
440,control,0,40.72574563886694,1.6649689009787392
441,control,0,24.062007904852436,3.17198912622163
442,control,1,31.549103551135136,3.2239818936263456
443,control,0,33.168884404660496,3.485403023793996
444,control,0,32.06899548725749,6.0389046177367005
445,control,0,29.073561705611457,0.24670548685841454
446,control,1,29.35089650133287,1.9994166705937393
447,control,1,30.219057359895547,3.909167191003397
448,control,0,29.264989991857558,0.45656701922514487
449,control,0,34.81939558397455,5.203105178757602
450,control,0,41.05261500795676,1.9671876958331918
451,control,0,27.212541074960832,2.8792301430289426
452,control,0,23.150985102104613,6.2274539679618055
453,control,0,29.558589758243727,7.827473948133474
454,control,1,42.898546688271594,5.314411403784583
455,control,0,25.981627160151348,1.174236689749291
456,control,0,38.195584027220335,5.130769267475105
457,control,0,38.388504070382204,5.373896185594697
458,control,0,27.232058791460027,4.65891626737076
459,control,0,32.84491539592638,8.682234359043443
460,control,0,38.14198311564269,3.554491156080481
461,control,0,28.104361295062564,8.462385598470686
462,control,0,28.982098199488192,8.428367508278141
463,control,0,27.09159543025678,5.479528660343923
464,control,0,24.926216346535668,4.15922287931386
465,control,1,26.753612274669965,4.677999806861676
466,control,0,23.880298666188718,9.931049056940743
467,control,0,30.17041734129613,6.936110171334477
468,control,0,26.15013384470679,1.31494514076977
469,control,0,31.16892955895374,4.469955882135942
470,control,1,22.220521768981865,1.5887972555722492
471,control,0,31.654401161072286,1.9172172988182554
472,control,1,34.16764480804462,2.4652847032485874
473,control,0,20.031321787142723,0.8619243681509164
474,control,0,31.87028284923786,1.4959454856774737
475,control,0,36.13834496236646,8.996137543336426
476,control,1,23.951794906543974,1.9069753768252367
477,control,0,38.362861934188516,6.062319652556185
478,control,0,32.095095046830224,3.796997585168655
479,control,1,26.474940721207957,4.975596263271648
480,control,0,29.72115461171147,5.125380236499199
481,control,0,32.791634562608614,1.4353474038487237
482,control,0,30.380026957062057,6.0379197950590315
483,control,0,32.693779962231844,1.0562838765037108
484,control,0,25.39663203460317,1.8385274126992823
485,control,0,30.84680412018039,5.0732688886386965
486,control,1,22.9314275154751,1.3485153330260768
487,control,0,29.4438696932565,0.40002386838510745
488,control,0,25.480461792676053,4.320082000344836
489,control,1,26.322350287051165,0.7055880258732935
490,control,0,36.18046587605219,5.4123355667267
491,control,0,35.45655060297135,2.6126950976582224
492,control,0,33.045690604535885,4.275450283978665
493,control,0,24.538436176637106,4.218094098553303
494,control,0,28.41795775152599,5.6940421315744265
495,control,0,36.06548849989592,5.177982019750073
496,control,0,30.708584568199523,1.3370677556164308
497,control,0,41.59664769990847,2.7420027759963634
498,control,0,31.96658919697186,4.271799560477618
499,control,1,30.960245582450156,8.563245718502797
500,control,1,28.454417678987493,5.2113039536399635
501,control,0,30.66770452391141,8.076664229410794
502,control,0,29.23765081809728,4.43513656269856
503,control,0,33.54054338344295,7.0182311251589375
504,control,0,34.783511583972924,4.019370982713849
505,control,0,26.070052697460252,6.825374043003873
506,control,0,23.34383523221111,2.5058236517948744
507,control,1,20.818973134483517,9.218818791971149
508,control,0,32.53995663456272,4.797719391664645
509,control,1,24.483166969130632,0.868502194516571
510,control,0,19.235547035237587,4.375561695397079
511,control,0,31.942893022654822,5.223270646908981
512,control,0,42.46499758716395,6.181217068450802
513,control,1,29.969645442300532,11.352941190601554
514,control,0,34.19245387225821,2.1905984338903446
515,control,0,30.409146792737825,11.402283252261377
516,control,0,29.505551734044285,3.3428846252362683
517,control,0,34.59538241493884,1.7602834758414687
518,control,0,28.548627279056742,2.230735300621118
519,control,1,31.336961570359513,5.008141431695071
520,control,0,31.608489030980067,1.538634865692077
521,control,0,26.659547731784755,2.5407297323141362
522,control,0,34.960211747682614,4.297677956330684
523,control,1,29.125201216522957,9.171826605114001
524,control,0,26.221274202535778,6.06020690418357
525,control,0,32.68254921785202,3.4469548032616792
526,control,0,25.507660091044812,4.992099490162448
527,control,0,30.140905786845643,3.9960544402706097
528,control,0,29.95440501677898,1.1571549214590777
529,control,0,35.42947782915789,10.230818675508198
530,control,0,32.373491164399766,9.267775446398982
531,control,0,29.87486520627428,3.1460238335472486
532,control,1,34.08883149600143,2.297864516850008
533,control,1,36.951037745086566,1.1833659256310134
534,control,0,32.78905153175931,5.213534498843368
535,control,0,30.051763099216902,5.237291693660868
536,control,1,23.4408188382492,1.6580262222019946
537,control,0,24.674431684623137,4.030662601759686
538,control,0,28.47387647822666,5.9317712999671715
539,control,0,26.952438989203586,2.169814747249309
540,control,0,29.06514348507277,2.8513564229132533
541,control,1,30.283249624485535,2.8295580808330243
542,control,0,32.64846377178365,1.7533861282527763
543,control,0,29.647506109704544,2.8974201878535446
544,control,0,32.43250821913101,0.7205346408076118
545,control,0,30.3223720740506,2.7146674359361422
546,control,0,20.12266716823064,2.7478621601524096
547,control,0,25.303323030906228,3.176388546715
548,control,0,29.279562221391924,4.730812162173785
549,control,0,23.95152628579446,1.0918663913734263
550,control,0,32.999643649981024,1.3017673079954621
551,control,0,37.65375416171849,1.7142803323742903
552,control,0,36.09380925848659,0.9817879726116548
553,control,0,28.93278564534896,5.117820929835725
554,control,0,37.45363068424976,2.0912822264108257
555,control,0,30.743337286010558,3.252814909087135
556,control,0,28.314570144409803,1.5875455379521788
557,control,0,26.9329866822953,2.488327092890003
558,control,0,28.487651567559357,4.172799304779135
559,control,0,28.059115907293858,4.320542331883738
560,control,0,30.85208111187744,1.354880974492388
561,control,0,30.802869905249324,3.1295265122600426
562,control,0,30.015230100767074,1.6118753164804709
563,control,0,32.18469084873175,3.0408432084167853
564,control,0,35.95323137393171,1.946889075301682
565,control,0,34.74777067720662,10.656932352500336
566,control,0,22.575510157750482,5.908323602615683
567,control,0,17.230394325490224,4.457001760607068
568,control,0,34.67159955619637,2.6638655948751624
569,control,1,23.165606507922895,6.026354713013869
570,control,0,28.87617299053658,3.199848183933101
571,control,0,24.149434869703203,9.953241686332328
572,control,0,20.9900978120999,6.442888170120351
573,control,0,32.70731364102394,2.473743066414869
574,control,0,33.79577580151324,9.216150313151934
575,control,0,27.1174479963664,2.6747541636348138
576,control,1,17.04478853927545,11.063078858478573
577,control,0,27.268777758737585,9.540680132823123
578,control,1,31.959020027012734,4.156377432048826
579,control,0,22.605442156129357,0.7506822798056328
580,control,0,30.91679959889578,3.924957679847499
581,control,0,29.923450754135022,1.227016574853511
582,control,1,32.89645749800544,1.9972597220908626
583,control,0,30.597901842070765,2.1261024266624013
584,control,0,25.13465529559222,1.2170175935642433
585,control,0,35.982857508322454,3.9358100078089797
586,control,0,29.20735213486515,1.8020488703769304
587,control,0,29.86347730245034,2.7728461452691953
588,control,0,25.333660204634022,2.141268630733569
589,control,0,27.783588744042447,4.745289036581225
590,control,0,25.575986429865495,4.503573841832339
591,control,0,29.135269700382885,2.6000659773456443
592,control,0,38.558542400711715,4.913689393118699
593,control,0,23.140494285343216,7.619982740118222
594,control,0,21.932193010616295,0.32685441909948953
595,control,0,37.35585163746804,2.040244199928276
596,control,0,28.95338161424067,1.4528529338714042
597,control,0,26.654636306700418,1.8893342579569399
598,control,0,35.199523436980385,0.25066723973886595
599,control,0,26.97192230131568,0.3087128758376669
600,control,0,39.13004856773468,2.2023618131388756
601,control,0,33.38962935669635,2.150829695905979
602,control,0,27.560442959271487,8.356535951228114
603,control,0,40.786541066327516,3.711521810627243
604,control,0,26.97142538498331,4.825435925094262
605,control,0,33.71047686004653,27.220465369030773
606,control,0,31.49646290203246,10.063894118362995
607,control,0,36.50870644699399,3.2171967217944504
608,control,0,37.807555983634266,2.3535632204765835
609,control,0,30.160020745328833,2.0678875070653326
610,control,0,26.232910648269083,4.258558015915188
611,control,0,32.29986071469558,2.370066045927954
612,control,0,26.61142315123947,1.1840728784378094
613,control,0,40.066936237633115,2.1333570900160255
614,control,0,30.682676655413687,4.3471585835285325
615,control,0,28.173392243439455,5.435070553057493
616,control,1,30.923401529324543,10.747131285831234
617,control,0,23.264368552351517,3.59300824150333
618,control,0,25.141929807446743,7.9236436664214
619,control,0,36.00206953972213,2.855474965474864
620,control,0,26.71552860514302,3.1703317465027117
621,control,0,24.7654450865903,3.042147269485095
622,control,0,32.68326376263643,3.9190228494160406
623,control,0,35.928520773314986,6.118773882706475
624,control,0,33.594766553325336,2.290055503306726
625,control,0,34.98023842902908,1.524143595975319
626,control,0,26.216024557152696,6.458330309757966
627,control,0,22.89094666629078,6.145491664497711
628,control,0,37.506668259777435,8.764848188257359
629,control,0,28.38660080578932,2.004415269956514
630,control,0,28.745834917724764,2.775075633262167
631,control,0,36.64097070924529,6.6253584085880615
632,control,0,32.7811500470033,2.268101230744691
633,control,0,32.279438860408035,5.2755963280433456
634,control,0,40.825011724505416,2.865254030578059
635,control,0,26.782408848099287,4.242006188817154
636,control,0,34.63920064040619,1.1613976954664966
637,control,0,30.285065624485423,3.5582191178880302
638,control,0,31.342961394316283,7.517454643077318
639,control,0,37.64234213206266,5.770456622484618
640,control,0,32.53917878144812,1.4345105198102124
641,control,0,32.69148039524816,10.186644266435614
642,control,0,35.362536686549014,7.209278665451894
643,control,0,28.175236352285573,1.2151315006871042
644,control,0,25.803951663304968,2.145570847788056
645,control,0,24.775954029894834,1.28184866124707
646,control,0,20.16821705311999,4.328850344033227
647,control,0,40.28103564970161,2.0669139786753656
648,control,0,24.483958171391585,0.43250801047508947
649,control,0,28.89373188207114,3.1592428591580726
650,control,0,28.615933500555396,6.283615685461943
651,control,0,31.537033489045506,3.6139122203155867
652,control,0,34.078686062696484,4.942714945130388
653,control,0,34.30236744179873,3.876315510673035
654,control,0,27.08461280715531,5.604866479479988
655,control,0,29.164391431067944,4.1357698459344805
656,control,0,31.412899752441497,3.026432535005066
657,control,0,28.756544369082263,3.5802787425211555
658,control,0,38.03672788009996,8.981681440654217
659,control,0,32.45487475819126,5.14221907759714
660,control,0,33.67438893024909,1.430096912873807
661,control,0,33.31440634333706,3.53741601396058
662,control,1,35.86736928742663,4.272763643603256
663,control,0,30.905107793518535,2.9483117013595805
664,control,0,23.515840260220767,0.43545779706578575
665,control,0,31.998439758763208,1.568792672186474
666,control,0,26.743215531040853,2.3753950314533117
667,control,0,27.356916591251217,10.968849451800127
668,control,0,32.931820093775464,4.7523490671846345
669,control,0,36.19141535716818,0.7217576088807895
670,control,0,30.106357883680307,3.097363785180538
671,control,0,31.544165062994818,8.06206274194987
672,control,0,38.51107472317619,2.042140373246185
673,control,0,31.203765897442842,6.797476989591697
674,control,0,43.008415570901974,0.748101377907894
675,control,0,32.827548228157724,0.06469615077463955
676,control,1,21.19618620422091,7.492027958444438
677,control,0,33.76670810552266,2.274767297280292
678,control,0,31.90579192441389,2.4274442708644712
679,control,1,36.44876377041373,3.8495760672487354
680,control,0,33.365906756349794,4.632944065785717
681,control,0,29.307720080081133,0.15232371589375485
682,control,0,23.878508818553172,1.9062390659417987
683,control,0,28.954883713569874,3.4879611388895233
684,control,0,25.7473977289535,4.6254034589509
685,control,1,27.097382750976386,1.4142725106209222
686,control,0,32.942892022103045,2.8278180547504337
687,control,0,38.34952252175703,2.036684545329272
688,control,0,31.973357649114906,3.9464196917520584
689,control,0,24.020584689824076,7.311030889052625
690,control,0,32.2230133411007,2.5383240383167074
691,control,0,35.98315743322826,0.8979336189240916
692,control,0,26.95108547840309,1.816614649934407
693,control,0,29.32991416663541,10.119225343611564
694,control,0,30.073440973645987,1.5744436588958055
695,control,0,26.075508434588798,1.0931567922662424
696,control,0,33.2414021692193,2.412511128947912
697,control,0,29.395259256961094,3.097976840397065
698,control,0,32.09766221953514,2.1448887444558435
699,control,0,25.562539110989498,0.752760289037597
700,control,0,27.812708498382946,4.234539933097656
701,control,0,33.61190678913886,3.9494479349610634
702,control,0,28.135834239541165,5.46091872616896
703,control,0,38.63481925616703,3.8835105760592845
704,control,0,28.001819071926988,9.57141212594554
705,control,0,31.12342362875943,5.762077996191315
706,control,1,34.66295415936545,4.974884280157065
707,control,0,22.908171335334842,7.493223803314994
708,control,0,21.19595594009612,3.709033548838001
709,control,0,22.371718427149524,2.8761391285842683
710,control,0,36.31292051713591,4.199522829677367
711,control,0,27.240709270537767,0.4073068025895469
712,control,0,42.79099642834126,3.717990650006174
713,control,0,27.178762006713058,3.0953419225732306
714,control,0,30.922756515985185,4.538382462747835
715,control,0,37.71054976283938,6.81137858139286
716,control,1,40.03046444079561,5.0784557497970155
717,control,0,40.30751788318199,1.82100838317237
718,control,1,36.04183115296571,6.066284639276502
719,control,0,35.12031262905731,9.663636685441578
720,control,0,32.96263474600592,6.932186230791177
721,control,1,33.89180538083319,0.9851924690891647
722,control,0,27.244071418357333,5.040419366100146
723,control,0,25.909005582888465,1.143473975840424
724,control,0,29.98312771294524,2.6544145471667706
725,control,0,29.149076887375358,4.4419186379249975
726,control,0,27.733859753363625,4.025707188015736
727,control,0,33.481937237283574,6.840451191529566
728,control,0,34.77652604285255,9.69478055547846
729,control,0,30.442034431459238,4.769283162732102
730,control,0,37.38765040527631,2.4917288560942614
731,control,0,24.291554429332475,0.4344292049807419
732,control,0,29.03170270360141,8.027247279443612
733,control,0,26.415888396985977,3.108199457896198
734,control,0,20.6673169146347,3.23726433780068
735,control,0,29.586596570786504,3.4411782451158754
736,control,0,29.39126245808358,4.61298221813709
737,control,0,37.567248716210656,4.711373046836496
738,control,0,33.154058422773886,2.68894149137156
739,control,0,24.879065878353977,3.0839635712640177
740,control,0,39.27046283167094,2.006549762281892
741,control,0,36.10516847762676,1.8197433357101511
742,control,0,32.910488517343076,1.8119108065561604
743,control,0,28.86757950575084,3.0556833658564146
744,control,0,25.202803816382602,1.5128294474950463
745,control,0,28.138966119644735,0.05172097025090436
746,control,0,35.443743098520926,2.456186531069071
747,control,0,39.42293152967304,1.0504102528289518
748,control,0,37.71621764136094,3.6238800794377677
749,control,1,27.55575289106863,1.9997782944633928
750,control,0,24.401912833554945,4.654475701537301
751,control,0,30.70443123455602,1.152889554104965
752,control,1,21.157803172185744,0.5475941362365367
753,control,0,31.615838570923906,3.090024419410712
754,control,0,29.261987068506656,2.3705339693577
755,control,0,27.66981749065879,0.9579628550733237
756,control,0,22.02648466366602,5.765323097984662
757,control,0,32.568000532848586,1.3574860873330994
758,control,0,27.336495801690443,1.7435503921675903
759,control,0,24.15041582144856,6.538967581445887
760,control,0,15.638688933591753,4.849793506805679
761,control,0,29.862425474746818,1.2185917496610175
762,control,0,38.86125798334872,2.5501100967281602
763,control,0,38.30629607273935,1.0997525443635654
764,control,0,27.714518717068643,6.214270195961913
765,control,0,26.988939698191096,6.2113615225895895
766,control,0,32.34387128037512,10.640484331143488
767,control,0,25.008072804058543,13.376694297944187
768,control,0,31.50895949909733,1.9793909882162617
769,control,0,33.83040139192345,5.532959114173485
770,control,0,36.13466611942154,0.4520555799607717
771,control,0,29.499229617600236,3.8346788279258655
772,control,0,28.98163124911517,4.556914605438073
773,control,0,25.610087066217194,1.429512549609001
774,control,0,25.8655982298007,1.8730844626490226
775,control,0,28.867605540492367,6.240514722756621
776,control,0,31.83682753408089,4.6393996452944855
777,control,0,34.567923131166246,9.757081651479066
778,control,0,25.984105246598276,9.015945411503958
779,control,0,37.46344284479761,0.6246875475778637
780,control,0,28.644381994787157,2.1543014137104257
781,control,0,29.89316352825782,1.2906302745537999
782,control,0,26.263941604260882,5.696649136898453
783,control,0,17.878798698635293,4.120962608555201
784,control,0,34.42022698180525,1.3779358115643978
785,control,0,33.684219485462165,1.5900311202839243
786,control,1,28.593362214408934,7.712830101962018
787,control,0,30.33495358612436,2.3665399579995507
788,control,0,32.5796960885205,0.3616315532909027
789,control,0,22.187270715567287,1.2624294791432724
790,control,1,27.354736613268525,11.104969168383995
791,control,0,33.971323398109135,6.6698398365031855
792,control,0,23.728552884153753,1.0296295076971473
793,control,0,31.467789660833148,3.833360624810099
794,control,0,23.217090976882975,6.388818397571393
795,control,0,32.33214991216763,0.6146157125580741
796,control,0,29.821792588512583,6.882321315914761
797,control,1,21.924340920472453,4.607549505293549
798,control,0,35.82369677228586,1.7760659070609968
799,control,0,26.327042116009753,5.146112591669368
800,control,1,25.948737814928094,4.163961668617142
801,control,0,31.002845986154714,4.375470526286682
802,control,0,35.743186747143575,3.7305052319622387
803,control,0,24.920890905108017,1.5367018502166805
804,control,0,30.30839924923986,1.8118301534181862
805,control,0,32.14408250165287,2.7555579509365904
806,control,0,33.46552803631572,3.45352833706444
807,control,1,30.882207776386124,5.363523862348808
808,control,1,28.164860804583387,11.277476543082273
809,control,0,25.862048896756402,3.9673469740290743
810,control,0,30.430719415231874,5.296698002509578
811,control,1,24.639304940071966,6.166326379163677
812,control,0,15.393247582526964,5.5635051613782185
813,control,0,32.18279902078834,1.483090710745777
814,control,1,34.519674205430974,8.200772994681497
815,control,0,18.18533782229081,7.359626850889291
816,control,0,24.95134647645031,3.6922480723988493
817,control,0,33.09577130502599,1.566734458041927
818,control,0,40.2874773485585,3.4114770930120217
819,control,0,30.10396853837704,0.7086274691132908
820,control,0,26.35998529385433,8.916970775406295
821,control,0,29.0855177944758,1.9610384443409012
822,control,0,36.87438209574093,2.6435599052101986
823,control,0,26.770179104377323,8.50123213913083
824,control,0,26.00403996674873,7.837013117565941
825,control,0,27.58628238908984,4.284495522663744
826,control,1,25.233356958706437,9.805605103928956
827,control,0,30.613351579973976,1.4395345547813687
828,control,0,38.1233922923478,4.286111627708207
829,control,0,31.615396365580146,1.450747456707747
830,control,0,28.738232489368563,7.060054499149424
831,control,0,28.54094365542228,6.893389987225757
832,control,0,22.184045956516716,10.262000639093017
833,control,0,34.415548885735795,3.332523499724191
834,control,0,29.61081401493599,12.14139696626061
835,control,0,29.09760043204687,1.3397710044719775
836,control,0,45.965537839224304,3.1960797796251565
837,control,1,31.49376454182843,1.3859316227851075
838,control,0,26.24104474952408,3.8658205118513256
839,control,0,27.868212018972283,1.5015340092178757
840,control,0,35.74222854598378,7.0730757558655295
841,control,0,30.56635205268882,4.716889878821509
842,control,0,22.808610108413166,1.2338442948321886
843,control,0,34.596144672876015,5.986566221524089
844,control,1,26.65927957230503,9.35390776693233
845,control,0,39.366488881087726,5.0461392636517655
846,control,0,35.40024032857324,0.9042480629773875
847,control,0,27.763390521706246,2.9633011149311015
848,control,1,36.40508180867556,5.5089838890081815
849,control,0,30.339277552637018,2.745175702870823
850,control,0,34.263868375611096,1.3235113283680968
851,control,0,32.42366408647237,7.624554198466358
852,control,0,25.768216725045633,2.651652090027598
853,control,0,26.78225083841269,9.35772545418054
854,control,0,35.14980408790581,2.164066385111288
855,control,0,28.326123339467294,2.528318486004659
856,control,0,27.981757683790015,2.0231795338472507
857,control,0,25.224387103253235,2.9237033295127586
858,control,0,32.11799532796731,4.661782107999835
859,control,0,40.31262459621573,1.3896492603414967
860,control,0,24.662335428728635,1.1542007689979026
861,control,0,30.12109728336379,0.5990694192664462
862,control,0,37.061102777077146,0.5156585902545495
863,control,0,29.601793043771423,0.9155221249662904
864,control,0,32.26185898124867,2.151539624377237
865,control,0,24.688032359265602,3.813667768502594
866,control,0,32.141535486038244,4.477980823480724
867,control,0,29.064278674977256,3.683323426911193
868,control,0,34.928649978399314,8.658331132520201
869,control,0,35.936930257823754,10.515456942093094
870,control,1,42.94781821009307,2.661805027223951
871,control,0,32.89816586606788,1.4116423215336955
872,control,0,31.628981582910832,12.630765945346376
873,control,0,30.97192150788668,7.449077937695152
874,control,0,28.23416853594656,7.081704823794841
875,control,0,31.692419217308455,2.078960686676637
876,control,0,28.522992949304854,6.089716794366244
877,control,0,30.84230488134807,3.7054318968639977
878,control,0,36.587987678039795,3.1459609853340704
879,control,0,24.967287173601793,3.141757582477957
880,control,0,35.699392805645225,4.816588209493278
881,control,0,36.58557533669933,8.845975300176564
882,control,0,29.409657365044605,13.310283783822673
883,control,0,19.390725504957025,2.3944139184139623
884,control,0,26.960890064527838,3.8639690068906685
885,control,0,36.484972732805545,3.084574291091233
886,control,0,29.88565968850559,4.590488059773952
887,control,0,25.003488838525445,2.7912705320065547
888,control,0,27.47612539385891,1.8767107039956397
889,control,0,34.20310013252276,2.39715157510316
890,control,0,32.7336678410069,2.1051408060259447
891,control,0,28.80533950415153,2.9679439501834
892,control,0,28.165877940926563,0.9857839643945109
893,control,0,28.04120925478089,2.139434786045078
894,control,0,25.387949077507486,4.558183051077472
895,control,0,38.07687844734721,4.533930059563658
896,control,0,28.3883976539433,4.028915082775047
897,control,0,36.085792604127484,8.33841518349307
898,control,0,37.60658025961226,4.688884541967838
899,control,0,34.9915544907398,8.157478672965684
900,control,0,27.841898436409757,13.31668587103027
901,control,0,32.018650451683044,6.196060220291067
902,control,0,29.879021968045418,0.9907408054679769
903,control,0,25.48149069634936,4.147682087449498
904,control,0,31.621796408608017,3.71076062889626
905,control,0,24.10480104420099,9.34768302306613
906,control,0,35.93839694230782,3.053628703312295
907,control,0,27.676913513508033,1.6569716758889972
908,control,0,31.005798279364196,2.245902032001457
909,control,0,31.41643935773071,1.0293785717724513
910,control,0,28.705475131479613,11.940348041518758
911,control,0,32.933469007376374,3.382160397661626
912,control,0,27.62548171688738,1.131030454505915
913,control,0,34.35648648728622,9.908428477190492
914,control,0,23.270101598766257,11.023784693218456
915,control,0,30.63189789773206,3.8067145089504346
916,control,0,39.694644995291426,0.9360996844527835
917,control,0,24.998343376972127,2.2920499351775336
918,control,1,26.611275147375743,2.800046031101901
919,control,0,32.569539248294575,3.4700929974683032
920,control,0,30.89790890969799,1.2763302494082946
921,control,0,31.753150496367795,6.549100678540104
922,control,0,32.44593565073832,0.3167375307611675
923,control,0,33.17360734280885,7.2871551773658645
924,control,0,35.54849920978111,8.347065118138449
925,control,0,32.04909328464257,2.4847573394154474
926,control,0,28.793711726907286,3.1703417744722975
927,control,0,33.362868506013655,9.050859288866741
928,control,0,39.49940967447608,5.3617879903885886
929,control,0,29.33683126808713,2.5582652315975896
930,control,0,25.127353476646793,2.8120081151910385
931,control,0,35.53540334643486,4.836119291371255
932,control,0,29.398094180232007,11.242230843373735
933,control,1,19.13665226992982,2.88245107497415
934,control,0,34.23710838575211,2.4946142711148434
935,control,0,27.323359070230385,3.4514665680327647
936,control,0,29.547333588479198,3.467280931137303
937,control,0,31.659901652845072,4.238724668021265
938,control,1,30.952498398895333,3.178289718868947
939,control,0,33.547259085695195,7.5834829036412765
940,control,0,27.822568147150783,1.5433286379916278
941,control,0,32.565528990880416,4.586636909752801
942,control,0,28.702266612080415,4.717745632412791
943,control,0,33.694052404437514,1.6722639613549204
944,control,0,33.07683742006527,4.553573050913807
945,control,0,25.322806489777022,4.807207364205685
946,control,0,35.42991058087516,0.15069806573017866
947,control,0,27.32018277442976,1.41000194357829
948,control,1,34.040288991405724,9.557384674179172
949,control,0,31.836436567006704,2.0455269203774114
950,control,0,39.190918383975614,1.1282371990374682
951,control,0,28.88267008814074,0.4880485927463636
952,control,0,28.253416019409013,1.2890272692126972
953,control,0,29.902901970561338,3.073343583908241
954,control,1,28.484101085828623,1.0484672314334818
955,control,0,33.99970950971025,5.411637240495424
956,control,0,21.91844695781706,1.6449529823716909
957,control,0,24.73158790426823,4.262640761186503
958,control,0,24.660985392104035,8.658691641006683
959,control,0,34.751537959867875,8.300240235801747
960,control,0,38.553066862909624,4.208966537986579
961,control,0,29.477753907312643,1.2081789904461875
962,control,0,29.155891384049948,3.241685096643784
963,control,0,30.350260815565907,4.311064522711152
964,control,0,35.80939151304095,14.932436359784651
965,control,0,25.36323432904713,0.48205156195785315
966,control,0,31.191844913673926,3.250677915856319
967,control,0,34.87598814891215,5.275817735731788
968,control,0,32.50547084969923,3.661325688414851
969,control,0,30.947908082993717,3.971236360891943
970,control,0,35.005230462835705,1.7363046352043
971,control,0,16.483838535003812,6.470718794408033
972,control,1,33.38937659765454,3.4685085506507862
973,control,0,26.72962158436288,3.96047483071168
974,control,0,20.846835515717714,6.947794328312726
975,control,0,32.556012997624904,2.6227241858324444
976,control,0,36.86829272581479,7.99797178907857
977,control,0,29.31275742686154,1.0118716956427978
978,control,0,34.76437273601469,4.130501711533392
979,control,0,38.06139128994323,1.640163543768022
980,control,0,36.57457226792024,1.268680645759073
981,control,0,38.199822646856965,11.156586779960469
982,control,0,33.71063745535946,1.067881109273807
983,control,0,30.377168194507963,3.520715212778741
984,control,0,21.990170940514158,0.9847731299957462
985,control,0,28.769687559350256,7.667591794706183
986,control,0,25.783767023419042,2.4113687103965114
987,control,0,40.85471358748907,6.922804212451965
988,control,0,29.120570937838316,5.149125462583113
989,control,0,30.61602403392243,13.520568393665972
990,control,0,32.75742688020234,0.78679836419144
991,control,0,30.218012231862268,1.398808155131137
992,control,0,38.47525520215376,6.66856632180334
993,control,0,26.88675319132774,4.278764176645812
994,control,0,30.973037276186215,2.7798137386377393
995,control,0,26.28764707150976,11.921257179089942
996,control,0,23.39988744389647,3.3350966751466227
997,control,1,26.941154545473573,1.6979955382711747
998,control,0,29.81481601475794,6.980145247873499
999,control,1,27.8534888774137,3.421965901359671
1000,control,0,26.53789510063072,3.6292446565707293
1001,test,0,32.20454259280495,3.2000159274256252
1002,test,0,33.880845835956166,7.6997713567479185
1003,test,0,26.15827402576599,2.0103031396243005
1004,test,1,29.19462164323812,6.675750794877326
1005,test,0,24.207796831791736,2.7827547055449138
1006,test,0,17.009694912535302,2.3817202236564663
1007,test,0,30.502298157068644,1.3493825239957415
1008,test,0,32.54452678127316,6.878244728254117
1009,test,0,30.810334045433628,3.489955621318753
1010,test,0,19.752191411228164,7.035195027031804
1011,test,0,27.745752849617627,3.6786819544009703
1012,test,0,18.408261199744594,1.997645236988572
1013,test,0,36.34850553827093,0.6812329209900453
1014,test,0,24.069727089409568,4.03357737694331
1015,test,0,35.77701804729948,2.8674009091147163
1016,test,0,34.229348218420725,5.946276338808776
1017,test,0,24.997048237319692,2.2963555612754076
1018,test,0,23.836075243661277,4.747439389601247
1019,test,0,31.25185108193169,3.5716708091333524
1020,test,0,25.278379814084644,1.8580094399246483
1021,test,1,30.012423210791038,2.441561743842862
1022,test,0,27.08586204596541,1.1263166257415527
1023,test,0,20.59420792767183,10.948885586841389
1024,test,1,18.347659904377707,4.677672490667607
1025,test,0,30.633421242472984,1.0574968314090056
1026,test,0,26.692211268346874,10.59678602986418
1027,test,1,26.734550915429338,1.4502316889252929
1028,test,0,32.979319195468925,2.265523537856513
1029,test,0,35.36721138316222,3.0252055626143632
1030,test,0,28.137276393190955,3.634240384037507
1031,test,0,27.797006465450693,5.841494652167309
1032,test,0,32.00071516556942,0.5250026526037905
1033,test,0,22.71532215150212,3.67558191862665
1034,test,0,30.615765273738486,2.909945640277364
1035,test,0,32.25942985911077,4.084701620270197
1036,test,1,32.901151042088145,2.8032106296537846
1037,test,0,19.816236487487675,2.5265461320512466
1038,test,0,25.693223650955296,3.28817587674376
1039,test,0,25.108683735882668,10.229426867099596
1040,test,0,29.999434772046065,2.5644029611013175
1041,test,0,31.90372289883992,7.613466333352477
1042,test,0,36.983552037229906,3.9641102809820303
1043,test,1,27.025172598159635,3.834747850860133
1044,test,0,27.012137508453932,4.112077131472666
1045,test,0,35.24836009439373,5.030365518366268
1046,test,0,30.982884692651524,2.719062294961233
1047,test,0,35.83825755593987,7.2785580378756
1048,test,0,30.94364001504918,5.03877180789694
1049,test,0,23.714416906433645,1.21986155742128
1050,test,0,22.834358226110968,0.37446038860747693
1051,test,0,21.742438754705354,10.031309449506098
1052,test,0,32.81025917379237,4.2037864307592505
1053,test,0,35.44298411543504,1.0871462727131653
1054,test,1,38.7468107069319,2.5616309153467975
1055,test,0,33.7155266616162,6.538252133149021
1056,test,0,35.31419288767493,3.1465112719602044
1057,test,0,26.599918336731577,3.3592203114408927
1058,test,0,23.71792091628072,5.760685212095444
1059,test,1,33.750396662087766,4.486007712422704
1060,test,0,31.588403761197004,5.288813645451488
1061,test,0,30.037221871704464,5.720396756525231
1062,test,0,31.43685740316495,2.0434810999552147
1063,test,0,31.11592741229103,2.2017194861869416
1064,test,0,35.91908429926781,1.8481847857559848
1065,test,0,35.97492792408478,2.299023712469099
1066,test,0,32.22110176170173,3.264634643940625
1067,test,1,33.72901436281464,3.4407363855053728
1068,test,0,32.070312762123876,8.605122337433608
1069,test,0,27.194151339826906,4.338563519856631
1070,test,0,33.2828233745657,3.311916560703047
1071,test,0,22.527524655703694,1.527914290073068
1072,test,0,34.769457761479416,2.847876840501344
1073,test,0,23.527385301169826,10.512632644121927
1074,test,0,30.929016433973665,10.408002915632686
1075,test,0,25.274230207869206,2.821597337986841
1076,test,0,32.266944915372136,0.7756573020503978
1077,test,0,29.330373870360457,2.543943617710202
1078,test,0,21.526220209183336,8.665092921483092
1079,test,0,31.603498155092396,3.2812090309558735
1080,test,0,26.610396115836448,5.76459514083768
1081,test,0,33.905733604066846,3.562297819291419
1082,test,0,29.506628443672035,1.0065009060970411
1083,test,0,31.47710492694019,3.6540666275085663
1084,test,0,24.71215522492394,6.277134959351753
1085,test,0,26.55333884286319,2.273649356461977
1086,test,0,27.206806819494577,6.169058031677701
1087,test,0,33.783512401212775,3.8200475023683733
1088,test,0,37.886885439027445,5.954257752411222
1089,test,0,25.47414124128562,4.530468643920605
1090,test,1,34.8842407232884,1.6160568967759426
1091,test,0,18.65161291137149,2.869883363381209
1092,test,0,23.529052994538553,2.800579979011066
1093,test,0,24.706107719066125,2.189057881873973
1094,test,1,22.737456552796388,4.287069071275899
1095,test,0,21.5820580510621,11.705231695734664
1096,test,1,31.564994560688987,7.284673133914128
1097,test,0,28.429661511360692,7.9185778331107795
1098,test,0,31.397026988025548,2.083929295462654
1099,test,0,32.95236343060756,8.002939305387677
1100,test,0,30.82808496586267,9.722170297682524
1101,test,1,32.78881588075187,2.029034106227797
1102,test,0,29.152338568788654,4.879595457386659
1103,test,0,23.56503305847128,4.967613667743682
1104,test,0,34.78907090410398,3.027205413948767
1105,test,0,26.554439336094365,4.051837043555646
1106,test,0,24.82201850618787,5.133236731929062
1107,test,0,28.61041062097801,3.1788797622753964
1108,test,1,24.935945403517437,7.061948144861931
1109,test,0,27.41284809005284,1.2260045618108366
1110,test,0,31.220269607817333,2.7914632061465867
1111,test,0,31.241708696230635,5.8410581428973405
1112,test,0,25.010849667871852,10.93960858275773
1113,test,0,27.06147313525628,7.3512219325512635
1114,test,1,34.87166502385122,3.993719856562619
1115,test,0,31.982000588669706,3.2918616054042693
1116,test,0,39.87532519674271,2.911475094478803
1117,test,0,35.40064086870764,2.924522749930335
1118,test,1,35.221465342799696,0.6764712471739095
1119,test,0,22.56065724772099,10.65889247938927
1120,test,0,33.319301758167114,3.4731337616492035
1121,test,0,29.234465991515446,1.9270067898684886
1122,test,0,26.745090982308753,4.828037717818112
1123,test,0,30.340076702662643,2.053465977647239
1124,test,0,34.22605767305742,6.630166251837048
1125,test,0,32.00415795502106,1.977187262514208
1126,test,0,25.1076309932897,6.0177391487851
1127,test,0,33.2122945679631,2.8797660318605214
1128,test,0,26.31206228962018,4.40264036614382
1129,test,0,30.58341559482143,6.320861801711044
1130,test,0,27.98324966261433,2.403591642873538
1131,test,0,28.405668741321872,6.220858772995791
1132,test,0,33.33121487520255,0.7088693918007983
1133,test,0,24.299031400920512,9.25140982459037
1134,test,0,39.22597537138466,6.930385883874445
1135,test,0,20.39456965352752,3.386881959501708
1136,test,1,26.511661583725715,7.742752073883769
1137,test,0,31.351059449708703,7.230270609275619
1138,test,1,32.42157083217655,3.6134219858652004
1139,test,0,28.997621397141476,3.5856418911052943
1140,test,0,29.213046484992287,1.7375007607547015
1141,test,0,31.552750426638084,3.7534881701050775
1142,test,0,28.3446526127116,0.9753326548539691
1143,test,0,36.46590628967453,5.96862842492908
1144,test,0,33.69674557115801,6.053711748398631
1145,test,1,33.86412175502817,0.7203817149137806
1146,test,0,24.669216383147916,8.693043926882691
1147,test,0,29.103057877971487,2.2412070559351163
1148,test,0,27.997670256396482,17.990229784638228
1149,test,0,24.47199312155267,4.2459784682121295
1150,test,0,31.300820919728835,8.747217913750013
1151,test,0,26.81177121110092,1.6907125370275995
1152,test,1,32.77701914925119,2.8750277040671612
1153,test,0,24.14904218552834,2.3941304682320457
1154,test,0,38.0952030642091,0.9581361816802413
1155,test,0,25.01833670703969,1.2296694266119585
1156,test,0,30.59651168600218,3.2921776727596073
1157,test,0,33.45929655194034,4.7148717827557265
1158,test,0,26.646797848999437,1.5407258597114282
1159,test,0,33.762343217164755,2.743744600485058
1160,test,0,23.35408201099792,2.044897286102863
1161,test,0,36.7605884959128,3.4537897266914928
1162,test,1,29.570746324828793,5.670613907163664
1163,test,0,26.5179429601556,3.895113508447292
1164,test,0,28.00409113786283,2.314435462649961
1165,test,0,33.544596346963594,7.076209651918127
1166,test,0,26.577723540747808,4.610770702578965
1167,test,0,25.753211552886114,3.9761912581484906
1168,test,0,28.39231701208131,1.5574686273950757
1169,test,0,23.61518943615016,6.597812170920626
1170,test,0,38.60271953970908,4.930055703472693
1171,test,0,26.668027043926383,5.104576438164345
1172,test,0,33.658083930902016,3.062779409117802
1173,test,0,30.547350418238864,2.6688346364188282
1174,test,0,24.57732974759016,10.693286061257487
1175,test,0,29.470226453936352,2.638175847901562
1176,test,0,33.42001389655374,1.300489783108493
1177,test,0,28.558693324568466,4.117013100497848
1178,test,1,35.46556472925514,3.5916921799463126
1179,test,0,34.60757696390932,7.2837554463487395
1180,test,1,34.09457427329165,3.2367406174588247
1181,test,0,27.201716138635014,5.550714459287658
1182,test,0,24.100787761092565,9.073576251466365
1183,test,0,26.432061973186027,4.7363259157427775
1184,test,1,30.481204703333603,1.6248828542814373
1185,test,0,32.22893356766178,4.827818346380864
1186,test,0,18.64214297619776,2.7795608117690107
1187,test,0,29.45943399194125,4.313795615794594
1188,test,0,30.290446126615922,3.6110353153903065
1189,test,0,28.112278718422242,1.275896568512735
1190,test,0,35.9563691950794,3.223493820129679
1191,test,0,31.608900371254354,1.5481383253602854
1192,test,0,36.050959540404484,2.4878446772867813
1193,test,0,28.42019739824884,6.583699171293364
1194,test,0,34.18738746253462,3.8143318416024283
1195,test,0,37.67533197263759,5.33049904470441
1196,test,0,36.05846724636331,4.03401042618382
1197,test,0,24.039292032856334,2.928097130478105
1198,test,0,28.231619612288096,4.3222107029173005
1199,test,0,27.77417647275102,0.8223710905862938
1200,test,0,31.94627267538164,5.982326876849989
1201,test,0,32.931767775072665,1.8830408273056969
1202,test,0,25.30553662987132,5.109870303849644
1203,test,0,29.83919256958469,2.842659706952317
1204,test,0,19.400363339219318,1.2766460350658824
1205,test,1,36.70972502900945,2.1579109565083807
1206,test,1,26.93812879661653,5.1275971823054505
1207,test,0,29.779319699222484,12.902614098291815
1208,test,0,27.951751430059694,3.448593862936355
1209,test,0,35.23013787506707,11.952670260013575
1210,test,1,15.312467793013106,0.8202187014978448
1211,test,0,29.416948288370456,3.007845784638545
1212,test,0,28.97090621251151,3.450609031621437
1213,test,0,27.231818062041587,5.307940191099465
1214,test,0,38.13113272817816,2.2252016432981443
1215,test,0,25.063352705721144,4.599565657138404
1216,test,0,33.35898088617831,3.119458794181337
1217,test,0,31.28126394353042,7.962301700072866
1218,test,0,35.80759626267758,4.119601378798325
1219,test,0,26.164054576112473,17.061056704379705
1220,test,0,25.835155504381206,3.137850174802066
1221,test,1,34.98034953738699,7.632087794793219
1222,test,0,31.626606541650553,9.22214811842843
1223,test,0,21.77531326661621,0.24956069007883766
1224,test,0,26.80347492768365,5.932238477261313
1225,test,0,31.431913269240304,3.0544553627672095
1226,test,1,33.68882110773295,1.4404925464031495
1227,test,0,26.103846734035223,8.051945325608699
1228,test,0,14.928720050915295,2.328298612803251
1229,test,0,32.11611592868517,0.7724987025840998
1230,test,0,23.398396550280122,4.189564382937649
1231,test,0,19.413306009387945,8.82934626700093
1232,test,0,15.338370375079297,1.4574126635596265
1233,test,0,33.5699043009887,6.4543383052103325
1234,test,1,30.143087252024834,0.5726713159795354
1235,test,1,28.37171809643874,9.234486013687377
1236,test,0,36.44512181481381,4.800618938781612
1237,test,1,32.68662341511536,1.325332673177373
1238,test,0,37.58150021360959,6.070350252958307
1239,test,0,22.536322639165018,2.4329674112875326
1240,test,0,29.32724688023018,1.739079842854779
1241,test,0,21.41643312525993,2.391699373996807
1242,test,0,28.353088340722664,5.668958484918362
1243,test,0,28.256920731166613,1.6469361694590823
1244,test,0,32.633068186315356,0.35750316693489215
1245,test,0,29.727819405709493,2.48909092271216
1246,test,0,32.61703569139958,8.26589501913374
1247,test,0,33.017200665694475,8.194728899588801
1248,test,0,40.27464338691571,2.389035861454643
1249,test,0,27.923516723569378,2.3224660460235897
1250,test,0,24.794886496668106,2.2101980441381732
1251,test,0,30.730418076582044,2.1329283342163663
1252,test,0,25.488599864302284,2.252061851075208
1253,test,0,36.90980384218268,4.33200113958124
1254,test,0,28.083909805273837,8.394952609725836
1255,test,0,26.67211816063005,1.6446033396379665
1256,test,0,27.14342139424441,1.9155756923647929
1257,test,0,33.092087117358204,4.681885743459564
1258,test,0,28.711265083842573,5.888181997313857
1259,test,1,26.29166589934809,0.975075629244073
1260,test,1,37.82675958811765,10.420690586165252
1261,test,0,25.21915079669125,2.8545149526170484
1262,test,0,29.67783037016497,1.0667932802377034
1263,test,0,32.76153075805115,0.9294605800677033
1264,test,0,21.343324447914632,0.8755325471906684
1265,test,1,31.901302507029627,7.536959276345583
1266,test,0,24.22446162259775,3.836859635605714
1267,test,0,33.61391390417001,7.581967691245043
1268,test,0,24.68674494040512,3.3332851716341523
1269,test,1,32.9638451592443,7.444066890680498
1270,test,0,35.029165331473564,3.2724307333375973
1271,test,0,33.80718262816403,5.292790825322721
1272,test,0,30.756583241190512,3.501396783243886
1273,test,0,28.3434952853515,3.1274880199900625
1274,test,0,26.61790211832578,1.7853557069363728
1275,test,0,36.85517345408552,5.790966872620005
1276,test,1,26.002523899161783,1.463463035452199
1277,test,1,24.31466963215002,5.784500575536119
1278,test,1,32.82684467516415,3.9618807484657226
1279,test,0,25.519315984067525,5.888537176565266
1280,test,0,24.749682512669363,4.207490783156404
1281,test,0,22.281978689151174,7.97954098230129
1282,test,0,27.085450802697412,4.947265257177668
1283,test,0,29.086424880517534,4.021677610075913
1284,test,0,30.715458638303495,0.30821585285425085
1285,test,0,34.25653122149742,8.190134827680776
1286,test,0,32.13448961832897,0.8657475594634426
1287,test,0,28.545638902234103,1.1622072591771888
1288,test,0,28.5090216181014,6.262798604239381
1289,test,0,32.050787344575916,3.736367101009245
1290,test,0,35.86285081464285,0.9035917402998344
1291,test,0,30.131570997416002,2.3198680820903843
1292,test,0,27.154345728947956,7.911392770410518
1293,test,0,24.535669994572274,4.119165893694733
1294,test,0,22.273973677938873,3.8031296134164587
1295,test,0,32.83134836021762,2.097651453696359
1296,test,0,32.389892618197784,6.411298291121563
1297,test,0,32.38681762553331,3.406867697543948
1298,test,0,28.85670276823972,5.633827279736982
1299,test,0,36.53467372945875,1.9241038644881467
1300,test,0,27.07940752707591,12.94686256205338
1301,test,0,34.27634618603603,8.858223227903556
1302,test,0,29.306285525052285,4.088037059887754
1303,test,0,26.45824617660331,4.735039073231993
1304,test,1,32.46265153658881,2.3375937499745607
1305,test,0,31.548180593419968,5.938546136620464
1306,test,0,31.28486379633463,0.39895597705232416
1307,test,0,29.906392110280994,10.318340384520893
1308,test,0,29.310534591415845,5.707872671907969
1309,test,0,41.44185996435219,1.6156994839476482
1310,test,0,35.421283225980865,10.157453195901484
1311,test,0,33.11413447492756,12.24664048108249
1312,test,0,30.05899579101694,4.913186819967217
1313,test,0,34.53578600298334,1.951338214877068
1314,test,0,32.089973881957256,3.846281308924995
1315,test,0,29.63102376387018,5.404023955228916
1316,test,0,27.982178373670425,4.634691182059115
1317,test,0,29.09541331168656,1.6159091111104589
1318,test,1,13.647871320609722,5.337946868967462
1319,test,0,30.55300419648821,7.8517270415785765
1320,test,0,27.057619599448202,1.2969788100015185
1321,test,0,37.46334999141442,1.4415657087077862
1322,test,0,29.59672035405877,2.261067665231764
1323,test,1,23.555182902325193,3.178204390519895
1324,test,0,29.250599229359413,6.519902278789598
1325,test,1,24.269394574687478,7.795433613292207
1326,test,0,31.867037078562333,1.8813125851396326
1327,test,0,30.954736821697427,4.305766917703892
1328,test,0,34.289198155541335,7.592376578455964
1329,test,1,25.545591041527175,13.410973865995594
1330,test,0,29.670040481140735,4.289928346454089
1331,test,0,22.674891022866824,4.457288498925891
1332,test,0,33.00747390962357,4.933937690155025
1333,test,0,32.09435590220061,2.9306203884000737
1334,test,1,31.979025105137854,4.061032738149727
1335,test,0,29.508095156784705,0.5263110425673915
1336,test,0,31.573864453943955,2.347859454204979
1337,test,0,37.52169554154298,5.281640438791689
1338,test,0,28.07452871478993,1.7899821254703758
1339,test,1,30.19322591855042,6.621030056081579
1340,test,0,24.06936850409295,0.753063433932153
1341,test,0,25.158695192008338,6.453074486324605
1342,test,1,29.989066465466536,6.441565029925658
1343,test,0,35.019667733509536,13.561843731003812
1344,test,0,28.21859587874214,2.84239093407122
1345,test,0,28.32041735343938,3.7387377072648995
1346,test,0,27.465573777478127,9.683685157251794
1347,test,0,26.826216645778384,8.902540178475011
1348,test,1,30.974857278544107,7.271794690456238
1349,test,0,22.013711774106778,4.745485225625719
1350,test,0,35.90469788333364,9.516495061317212
1351,test,1,26.172888509352696,16.606024195257834
1352,test,0,33.10951742719071,5.617732942527257
1353,test,0,23.15000701303062,3.86975222918724
1354,test,0,32.84420065273109,6.0758307048369735
1355,test,1,32.859723039072485,4.247314700580336
1356,test,0,31.421010360029484,3.0360969460422185
1357,test,0,24.52785739100104,6.639639833890661
1358,test,0,30.747740947990387,2.532539971101371
1359,test,0,23.584719076328057,5.540414391830528
1360,test,0,28.236183724519073,0.9422040889494325
1361,test,0,34.64706550477663,10.611790072033063
1362,test,0,33.48350963535371,1.998332387422453
1363,test,0,29.575914712702165,1.142625144482369
1364,test,1,24.62596712038579,8.70635564584707
1365,test,0,32.72793856087097,9.765242126675414
1366,test,0,29.596906188490127,4.678470888337053
1367,test,0,17.898422008847884,3.4794230032495963
1368,test,0,33.41314913158259,2.895241328928422
1369,test,0,29.37883583065154,4.502968997684665
1370,test,0,35.51225623991536,3.6242011008077806
1371,test,0,24.023647405785976,3.306156990586189
1372,test,0,13.616480934019997,1.8229167252226226
1373,test,0,30.895419291725926,1.3995868906614746
1374,test,0,30.957818383409865,3.977494525922641
1375,test,0,21.046641861967743,4.407020102627571
1376,test,0,24.60750227066697,2.09487796413971
1377,test,0,43.27608871859951,2.3463734264459886
1378,test,0,27.971946929230985,4.399601303346756
1379,test,0,33.15479488188108,1.7822839919071811
1380,test,0,26.246700863158082,7.45580368903096
1381,test,0,19.048485505734217,5.3915845334825345
1382,test,0,28.648708766020473,2.0787888600076974
1383,test,0,28.171977198569476,5.206540061006028
1384,test,0,27.500608806658143,1.8198754236916164
1385,test,1,28.926795822468037,6.461413944166668
1386,test,0,30.82134135822818,1.8815025503582876
1387,test,1,28.74941524373097,3.4291898868084068
1388,test,0,23.17996916026318,4.15180876536105
1389,test,0,31.930923957809696,9.670594628842867
1390,test,1,19.753141223387885,1.9852540506065566
1391,test,0,19.248212713579,1.9177711870295486
1392,test,0,33.19590247350784,1.0018023005239958
1393,test,0,32.035101360676784,11.520854671428964
1394,test,0,29.21302317462982,3.8292556373300766
1395,test,0,22.52275747622464,7.573642997670275
1396,test,0,25.960445296629622,2.3799590935858554
1397,test,0,28.18626626156748,2.560268107044076
1398,test,0,21.520530157129432,3.6092329329390878
1399,test,1,25.804856709883836,3.6882425802870107
1400,test,0,32.7616516908834,5.929118340823767
1401,test,0,36.63652682144608,3.909970461928394
1402,test,0,27.40282623670725,2.8068000544385687
1403,test,0,33.282441771580494,11.658018213259965
1404,test,0,19.929699647062662,1.8017750319209669
1405,test,0,32.79725620556806,1.9943523002368033
1406,test,0,25.480257926362594,1.8237051620123692
1407,test,0,31.03672808353985,6.083943079236841
1408,test,0,28.261237908801455,5.097812477783107
1409,test,1,36.102070048919174,3.316665980800357
1410,test,0,25.12782175830041,1.7447212833189445
1411,test,0,32.63803148780916,4.139123408930809
1412,test,0,28.10246268351733,6.6570510000431415
1413,test,0,28.70847260995168,9.925881294176028
1414,test,1,28.58073053420395,2.2987747039263935
1415,test,0,25.271634477529435,3.3080444548053203
1416,test,0,29.42950517046664,5.0640106129647195
1417,test,0,29.18675888939089,2.7849184862049556
1418,test,0,30.706201242033647,1.162690439812614
1419,test,0,29.92252572846431,3.320487769265627
1420,test,0,33.489972748061184,1.3067839734664655
1421,test,0,34.11754308023684,7.036232913742652
1422,test,0,24.246883390860994,2.9593521491345647
1423,test,0,33.843862502953854,3.5688593966715807
1424,test,0,23.568317864450727,2.038260491945021
1425,test,0,32.43927944068867,3.670700777853956
1426,test,0,32.59869392351435,8.430223443554643
1427,test,0,19.94341554168748,7.5434465640775095
1428,test,0,29.96489623264705,1.4968844860389856
1429,test,0,27.15751943319842,0.14440432802737282
1430,test,0,25.706173710323124,3.3396529717410868
1431,test,0,36.25426165349503,2.974883720537533
1432,test,0,26.231604296812904,2.83748998320349
1433,test,0,25.46811535440975,2.418464617040442
1434,test,0,29.878474700025468,1.466247236875507
1435,test,0,32.92794873149208,14.150650996824186
1436,test,0,28.791757069949366,11.51424611784133
1437,test,0,35.33185272834626,2.744711619670628
1438,test,0,32.154878309820454,4.097583877687683
1439,test,0,18.60894340134285,7.118672465993181
1440,test,0,26.85266518246496,4.087993928284511
1441,test,1,26.690789503241504,2.5766801579317167
1442,test,0,31.89680476714711,1.1827720404747173
1443,test,1,16.37591471812944,3.7668341354564707
1444,test,0,42.24504854358861,1.3251851811543829
1445,test,0,32.15513047447105,8.062845742535474
1446,test,0,30.244384019588455,3.6458287769061264
1447,test,0,35.407838582095735,5.344757845578132
1448,test,0,41.21827026406312,2.9073238198104767
1449,test,0,33.85373322294202,6.488920589176217
1450,test,0,34.2440654823581,2.259658268431737
1451,test,0,30.15345012232191,4.586922252720773
1452,test,0,28.79237123316526,2.8253800469331543
1453,test,0,27.121022779975494,3.1595110574626295
1454,test,0,25.36944004142729,7.057991401125143
1455,test,0,26.06492950150251,2.025235644853364
1456,test,1,22.747220178285083,4.807398485637653
1457,test,0,29.120642746574884,8.686640392839248
1458,test,1,21.076662113868068,6.890394776882677
1459,test,0,30.454582620718554,2.312354373672914
1460,test,0,29.31834695978829,5.2654329617741995
1461,test,0,30.23467649193344,0.7537380093598621
1462,test,0,26.88934214990004,7.214708869491308
1463,test,0,44.88430185090252,16.57551880769511
1464,test,0,36.30057950090156,4.6204515824728665
1465,test,0,23.277287499576385,8.964052685061905
1466,test,0,30.66434043713449,1.1319350561426649
1467,test,0,26.45996928531338,1.607898077026771
1468,test,0,24.42760136646293,2.8991302765903795
1469,test,0,22.799639644380328,3.3184344133447743
1470,test,0,31.66108345379627,4.640698909839341
1471,test,0,26.09309882465213,2.3213425514284625
1472,test,0,34.33913012012602,4.128089632931859
1473,test,0,34.4689110726522,7.048840934856033
1474,test,0,36.36957192605725,5.252347407172531
1475,test,0,25.238066169629484,2.828162471430273
1476,test,0,31.876828053460052,6.149377221112986
1477,test,0,32.66227108321151,2.736212522249538
1478,test,0,27.129109124480177,3.9691009746911425
1479,test,1,25.641140213035627,6.813730049318802
1480,test,1,37.547603328879866,3.2539588034277616
1481,test,0,30.63747937866027,1.3080903226289202
1482,test,0,32.67983875355869,3.890537446439121
1483,test,0,25.389619940860364,6.853210091924481
1484,test,0,23.40357766738903,7.267051199444414
1485,test,0,26.652751127539446,1.5512902326047149
1486,test,0,28.879893063050016,5.986925587133101
1487,test,1,24.178899965913256,3.1117156086035567
1488,test,0,29.450775956748085,9.34673915689552
1489,test,0,21.0574740596575,1.333076364462688
1490,test,0,23.89976288765064,5.912037997779695
1491,test,0,32.85455624138437,2.8636792050472053
1492,test,0,32.51895260138947,2.3505131735470823
1493,test,1,27.54061617306567,7.013994294775109
1494,test,0,24.411178454615236,7.740292696073432
1495,test,0,24.362982242369945,0.5399073616864707
1496,test,0,27.63365877029343,7.096029945549948
1497,test,0,32.72259245822646,3.5494078053138725
1498,test,0,34.14122845672162,3.8125164574593837
1499,test,0,27.017341322590156,1.26725186574869
1500,test,0,23.73253787007608,5.652758500664715
1501,test,0,30.839218189331667,14.369571445884084
1502,test,0,25.382325146870752,2.4664751456066107
1503,test,0,26.908736805693987,8.219564537089472
1504,test,0,36.12638045218519,3.71236238629866
1505,test,0,33.635577142828836,2.5447794342510988
1506,test,0,30.289871561257257,1.0506966054135463
1507,test,0,23.140404994436388,8.975202222376195
1508,test,0,30.556982837353296,4.045304163291309
1509,test,0,34.813286453937636,2.648373372400919
1510,test,0,27.621831671172323,2.999010165548333
1511,test,0,36.25557044993357,5.957381417652068
1512,test,0,35.963726447591036,2.6450203280170546
1513,test,0,37.81866416071737,1.731801288507476
1514,test,0,31.026215632656765,3.431270597783249
1515,test,0,32.43695849903006,3.354378727858681
1516,test,0,36.57093644165545,3.3001711777705287
1517,test,0,31.736969685344878,2.672284104360865
1518,test,0,26.993829461048936,8.402690796023728
1519,test,0,27.257285817360692,17.64656878165815
1520,test,0,30.692774768868695,1.554651321554506
1521,test,0,23.047192890268906,0.447978830962162
1522,test,0,28.783705423179036,3.126639082209759
1523,test,0,34.98273559115127,0.514259192336534
1524,test,0,18.543730744173594,0.952471482196813
1525,test,0,37.172410508972575,2.500536966764091
1526,test,0,35.111871093515795,5.928701359285546
1527,test,0,27.20117692084762,3.0998608229020346
1528,test,1,32.216954139359046,0.31477540714092644
1529,test,1,29.515738634531633,3.0695360819169
1530,test,0,35.64995184219342,3.243171716546024
1531,test,0,34.41341571384971,3.2836051897171767
1532,test,0,22.499646384084954,7.611276079483557
1533,test,0,32.436312067320884,6.7987575049715785
1534,test,0,28.47186073178376,3.934264203455552
1535,test,0,29.9141628525905,12.651844836437231
1536,test,0,25.85914049515092,2.4951396024371433
1537,test,0,38.24068534560418,3.398179446212802
1538,test,0,34.70030909951288,3.6670598280059608
1539,test,0,25.801144180135164,1.0395831875823416
1540,test,1,22.826946965448837,3.7229481058554788
1541,test,0,27.57163684511076,0.8559474097399827
1542,test,0,31.67251323045653,2.1957492327012673
1543,test,1,30.701029219731115,4.061760127676923
1544,test,0,35.76566412384122,1.2070623911351068
1545,test,0,33.44959861090426,4.709976412652335
1546,test,0,34.34784512876453,1.921531897826987
1547,test,0,31.134277003052187,2.8206087030862435
1548,test,0,22.55350634894505,5.287741562993426
1549,test,0,28.521507344265494,3.5130537128552497
1550,test,0,34.800448699543324,4.634884921765107
1551,test,0,29.24238535737677,5.0676053911870165
1552,test,0,32.01545184311873,3.471091392452781
1553,test,1,27.906258423769334,4.820735226282748
1554,test,0,24.350940757290775,2.16610903218264
1555,test,0,28.883279679769448,5.243665735528102
1556,test,0,31.04523721516327,3.141698421610931
1557,test,0,26.22156140269278,8.54367656139922
1558,test,1,28.32144377571666,4.1222726821582585
1559,test,0,24.802683790070088,2.421891246698401
1560,test,0,35.09622458782048,5.306436953604762
1561,test,0,28.02772121205983,8.784159544873534
1562,test,0,36.763777725630916,2.5980310919955483
1563,test,0,37.14373925270454,2.265492314167853
1564,test,1,29.094770176391282,0.1759898143639779
1565,test,0,24.457756337263252,4.115061915396701
1566,test,1,19.07051061133331,2.910962999111288
1567,test,0,22.139814634866042,5.291417484855134
1568,test,0,22.6308258755067,5.369381241682583
1569,test,0,36.39234813730752,1.085558551703001
1570,test,0,30.07912293613473,6.779153786362716
1571,test,1,31.448022620459938,2.006943902020081
1572,test,0,18.397894955324368,2.609435697701506
1573,test,0,23.510167853913693,4.728678917268874
1574,test,0,33.93539888223143,1.464393394445625
1575,test,0,30.933870561912933,2.284242925734454
1576,test,0,28.763973606572012,1.3454019244001891
1577,test,0,32.324211793000615,7.1697250024161985
1578,test,0,37.67898903067908,2.7865505427116495
1579,test,0,28.394787682314746,1.2279389352397532
1580,test,0,29.846849013290345,1.3100460003961865
1581,test,0,30.462984593656525,6.409411107400704
1582,test,0,41.46054817636996,1.8595411491527534
1583,test,0,19.003218677904872,2.562977197619284
1584,test,1,32.91611507394404,3.836951518582169
1585,test,0,28.92598875620468,2.9377648927106548
1586,test,0,32.3338586309209,0.6334216255189754
1587,test,0,26.213137230026376,5.682090024699975
1588,test,0,29.25517484570775,3.1054329532775684
1589,test,0,33.05705289732747,4.597953839107839
1590,test,0,45.0645510052192,5.965992522873865
1591,test,0,33.540180947010356,0.4816570932603144
1592,test,0,25.259672009847456,6.003129931487634
1593,test,0,27.381201589886484,15.5673226669655
1594,test,0,27.23292945808073,4.943947945787305
1595,test,1,20.521784136849924,8.631313297446159
1596,test,0,27.849549041492814,7.0105734255735435
1597,test,0,33.16414540910873,5.855853303749871
1598,test,1,23.128839404616024,7.175180517906271
1599,test,0,34.74241325525296,7.983622925138278
1600,test,0,31.93887410542169,8.191238531046451
1601,test,0,25.828833390144812,1.3067845712100494
1602,test,1,28.792351813310763,7.466740370355302
1603,test,0,37.49160903820517,3.0716788235464922
1604,test,1,33.16773906752933,8.383316855700947
1605,test,0,29.54391827449074,5.243553484431247
1606,test,0,28.311583415195077,1.2891402886758705
1607,test,1,29.883045352258296,9.135960818087543
1608,test,0,26.94118221028848,2.015007185190633
1609,test,0,18.976252471404926,2.9580200517950805
1610,test,0,39.710889552673656,10.52984759901505
1611,test,0,30.276624995997008,4.141758080665173
1612,test,1,31.490736325612687,2.860507241390737
1613,test,0,29.210461250615456,3.532314858582742
1614,test,0,25.82441599637706,2.8139446838938778
1615,test,0,28.570377595256147,6.40131883712053
1616,test,0,21.503026189028443,2.8807953731410683
1617,test,0,40.885432490266524,3.621513932714846
1618,test,0,23.327440007888022,5.549226294247341
1619,test,0,24.340168580764104,5.136779595234761
1620,test,1,27.298703978067998,2.1556683275701554
1621,test,0,35.94037862426189,6.453334145175739
1622,test,0,29.57254499631327,2.4921260619971184
1623,test,1,23.31932101984769,1.5772172294770097
1624,test,0,35.771691803786695,0.7016471510746572
1625,test,0,33.15500313392741,3.269032263182015
1626,test,0,32.19217478608226,0.8669524219695707
1627,test,0,33.0786712058542,1.914728691052883
1628,test,0,41.47180950291225,3.6891785649308626
1629,test,1,40.425474475180565,7.870516787239398
1630,test,0,26.06642328498352,3.018113495122787
1631,test,0,37.61942496405576,1.0623093881305217
1632,test,0,31.4158409487945,3.4455688233004182
1633,test,0,31.995479080688746,7.6712527658161935
1634,test,0,21.038645841783357,2.965346439099153
1635,test,0,28.64807117305902,8.751808531577021
1636,test,0,25.435882048317175,3.6739272415257447
1637,test,0,33.640294074466546,6.018486784106255
1638,test,0,34.85540250201402,4.362446196881573
1639,test,0,19.127568244918443,8.478703605384
1640,test,0,29.38982567997865,13.184381275047974
1641,test,0,35.10930752397126,2.5911910656010844
1642,test,0,28.566605188432774,4.184156704584338
1643,test,0,33.14531822501182,7.866801462402208
1644,test,0,31.255827338135422,4.470483065412978
1645,test,0,31.20830115976313,0.6645741624632685
1646,test,1,28.143425109658512,3.000590246560607
1647,test,0,23.417095979321452,4.443733427083935
1648,test,0,23.892349262874863,10.003381799519497
1649,test,0,33.046762572276585,4.02346037462018
1650,test,0,29.597291277594415,1.8080148864387056
1651,test,0,28.807438776963878,4.5182386792654246
1652,test,0,27.380549788388237,9.361870380619223
1653,test,0,27.97405577259624,2.2780503855147445
1654,test,0,34.734558972440695,2.5179197834566582
1655,test,0,27.823779590659868,2.30656726819835
1656,test,0,22.794676433492157,1.2020625657210833
1657,test,0,33.21825887770087,3.8953361076556456
1658,test,0,28.475616680676413,3.572687635619193
1659,test,1,29.656979327663883,0.7467911351187466
1660,test,0,37.53789153199755,1.9290631252002515
1661,test,0,29.397197213247463,4.270373301461864
1662,test,1,30.945918365593627,5.923239269018814
1663,test,0,23.605382543508373,7.029343383146812
1664,test,0,28.4016527382452,6.247678592535301
1665,test,0,32.547630226043005,3.7286513324082096
1666,test,0,21.723131330793787,1.0204864530631175
1667,test,0,30.504225465578546,3.1510077232666123
1668,test,0,30.00395536322403,0.27604650674809295
1669,test,0,29.706437277937198,4.284888273368072
1670,test,1,34.68579449329121,2.2152136134126654
1671,test,0,31.172192574242608,0.4665817157218625
1672,test,0,36.89035949178222,4.8498656199795285
1673,test,0,24.53205242202982,9.289682202439575
1674,test,0,30.17962283609174,0.8786620864942648
1675,test,0,29.922333931949737,5.127221687801954
1676,test,0,24.1537275312246,2.7582741968484332
1677,test,0,34.28147501045673,2.0135039344197847
1678,test,1,41.12336652926409,2.0172255692502716
1679,test,0,29.414969627580845,2.7577621953290956
1680,test,0,32.02510544136884,2.7499460543895773
1681,test,0,29.922592379076637,3.621153600476369
1682,test,0,25.932076650464122,1.8530677716458528
1683,test,1,20.39619861098992,2.1865820054575487
1684,test,0,25.971132584523176,5.457124833014023
1685,test,0,22.540208095241343,1.7143363262558755
1686,test,0,38.02051039029559,4.4813260836584465
1687,test,0,28.924451530383806,2.8689358713149185
1688,test,0,27.770403354764145,2.4331707881965774
1689,test,0,33.94576912393903,11.223159532797053
1690,test,0,23.89124448572056,1.2281657095136516
1691,test,0,25.665679809977238,9.700632641156421
1692,test,0,29.840361346243107,6.504077235198461
1693,test,0,34.6438449571174,2.262401034583015
1694,test,0,32.00842522584394,6.627858117302439
1695,test,0,30.74162571257941,0.14599422899784376
1696,test,0,29.89058867618008,2.091301957527569
1697,test,1,31.501179277633877,1.7347947646585606
1698,test,0,30.508264525646272,4.889717018974237
1699,test,1,24.35013862611532,6.001329147524121
1700,test,0,29.730396108165756,4.835184687402793
1701,test,0,24.131556705411235,4.08334854852549
1702,test,1,29.90541271450412,6.919726900284425
1703,test,0,27.09676029255879,6.284175684443879
1704,test,0,42.196908113914304,2.2182702024642116
1705,test,1,29.300528081241442,2.4235250879742387
1706,test,0,22.478802168692056,6.0483768429996845
1707,test,0,28.829098946615378,3.595385310144787
1708,test,0,32.09679372818944,3.777568208558689
1709,test,0,37.866819730762614,4.138771400243064
1710,test,0,26.55273800030641,0.6976540220451014
1711,test,0,21.5878601298818,2.1377663522843213
1712,test,0,33.584185057154905,5.181199966881665
1713,test,0,22.597006470501746,2.1231739651601425
1714,test,0,27.319222792462575,3.1204931235523117
1715,test,0,28.21189757244503,5.158406700872251
1716,test,0,29.15183273349946,7.174309523342435
1717,test,0,32.945822285371676,7.738799052765458
1718,test,0,26.08182858856806,8.025425856993863
1719,test,0,28.131353739166197,3.3462587177222454
1720,test,0,29.428648235253057,3.0925418573909376
1721,test,0,30.24798978759394,1.371780344506134
1722,test,1,29.989135873539613,9.323945143081458
1723,test,0,31.6800288761129,2.9945759479719185
1724,test,0,33.71919754820868,9.184088137043966
1725,test,0,31.46317057825484,4.566739627801216
1726,test,0,31.767927617546093,7.393344834513432
1727,test,1,21.58888416626761,3.516168195587238
1728,test,1,29.751138495828403,5.511391152711655
1729,test,0,31.897537740008044,7.558221015732999
1730,test,0,33.14470597285225,2.528777060581162
1731,test,1,26.03824612883103,8.053118023736214
1732,test,1,26.204803625556774,1.5442444516751002
1733,test,0,26.629496623582007,11.037318924502747
1734,test,0,32.182069499456716,4.1504658327315
1735,test,0,34.66940527462104,2.165499724741217
1736,test,1,27.46269946354199,6.419574519069292
1737,test,0,34.03981156813524,4.71573633157456
1738,test,0,30.11739904582297,0.7384691437708902
1739,test,0,28.878571114187817,2.7589265536931022
1740,test,0,28.443078850910155,1.611210720586552
1741,test,0,33.233056823010784,1.737868506903172
1742,test,1,31.12788908393535,1.6851853452745358
1743,test,0,40.87912713823819,5.335956240114811
1744,test,0,25.238876785013378,6.748712959911844
1745,test,0,32.09050851014988,2.0064429403784243
1746,test,0,26.853994950942436,0.5442665367105011
1747,test,0,25.15356506505678,12.691397360346619
1748,test,0,29.44566431482514,4.182207668608723
1749,test,0,30.18676239703518,6.451135689293514
1750,test,0,44.09086777530047,3.2242684814980658
1751,test,0,28.57927092158399,0.41753601917665056
1752,test,0,23.849106352576584,4.981436801902908
1753,test,1,30.865053587471927,10.303619908522432
1754,test,1,19.12679981226816,2.264431122260019
1755,test,0,29.04021608697867,0.3609360775902013
1756,test,0,29.580126411475803,1.3645943949339427
1757,test,1,33.473001914726055,6.659577574246952
1758,test,0,34.36811124713923,4.690613855933219
1759,test,0,26.982151905461414,8.074868626938166
1760,test,1,28.746929926850335,3.7573994583404398
1761,test,0,25.669395846946646,5.933307432431636
1762,test,0,23.85968722596153,2.6966200535686826
1763,test,1,31.049473896903173,1.4636511104421739
1764,test,0,23.132072257017004,5.944390000171001
1765,test,0,27.426865497140685,6.731797758960257
1766,test,0,24.524130200503812,2.30768238119154
1767,test,0,32.2484159314513,9.71605994429251
1768,test,0,38.50715049633244,9.889009631309992
1769,test,0,22.992060085983343,1.6943110668131105
1770,test,1,20.234907585512154,1.7630777453382318
1771,test,0,28.875565573249663,1.8351659086476884
1772,test,0,29.57848897978879,3.398144330377243
1773,test,0,30.59329653378649,2.7981002638130215
1774,test,0,27.268397423828276,1.1824832316923837
1775,test,0,28.49680350587284,1.8807665468947712
1776,test,1,31.33755205270301,0.42847913518913094
1777,test,0,34.7021544632242,0.5270662609270985
1778,test,0,19.724756148408588,0.9724334825640395
1779,test,0,27.655302804842687,12.25065999701156
1780,test,0,30.569043969705316,11.321003519599552
1781,test,0,24.91011947694632,6.177853040137434
1782,test,0,38.1558481588365,2.327133808677651
1783,test,0,26.322950598856316,0.9564777154637979
1784,test,1,29.293536564963585,3.699828305836445
1785,test,0,32.280110484211455,5.077094320521392
1786,test,0,26.543576055990528,2.0347400010234082
1787,test,0,20.267134760977914,4.890437093584053
1788,test,0,27.356727365417335,1.3528007495048489
1789,test,0,34.6472027796352,2.3659613056788924
1790,test,0,27.815524366074307,3.071767548736878
1791,test,0,25.267828492705107,11.535173940032408
1792,test,0,34.12836104751361,1.8575447094717266
1793,test,0,27.846125519884737,5.059706145918551
1794,test,0,26.949195931748914,1.623290511734963
1795,test,0,30.24728044831655,1.4324037901926636
1796,test,0,33.35375104809394,2.0272074185876354
1797,test,0,41.40856765866273,3.794709054946859
1798,test,0,33.636180538287114,10.536397798163746
1799,test,0,35.29919983194172,2.2861389667520586
1800,test,0,26.970169005060722,6.766078441215938
1801,test,0,24.370659470152617,11.900003650477641
1802,test,0,29.811656748095615,4.4797750245877435
1803,test,0,30.03584957629798,7.595091733677012
1804,test,0,24.107436293177013,1.9356390903361957
1805,test,0,28.623527350479936,4.966378784167301
1806,test,1,31.496588008595655,5.867230712233846
1807,test,0,31.3019669750904,1.1294158865550885
1808,test,0,32.02143926692136,1.7765393819466822
1809,test,0,30.954823650687214,2.9701751935392764
1810,test,0,26.964956703649722,2.0746907197805307
1811,test,0,26.930496866755785,3.240299434770569
1812,test,0,23.505243010030618,0.9778858466584488
1813,test,0,38.423875195925476,11.159639684439869
1814,test,0,29.567251823096466,7.232670246630743
1815,test,0,28.37573472102574,24.062281327079553
1816,test,0,24.856039592737705,1.2607497584467506
1817,test,0,44.178289511638894,5.10232643671153
1818,test,0,24.13335983888552,2.0908888584042087
1819,test,0,27.355760371969634,1.4248610016712013
1820,test,1,31.579184181430303,6.9641508189172345
1821,test,1,32.50106482872139,3.8856558710626965
1822,test,0,34.28966027607842,2.8171492032912693
1823,test,0,38.53804253884631,4.5755254270955845
1824,test,1,32.030788277303564,1.8426072674169078
1825,test,1,24.219846000166662,1.7902835343036665
1826,test,0,28.215274374391093,2.154031983394612
1827,test,0,31.039161862569426,7.8999454330718075
1828,test,0,39.84113020752912,7.481567745065638
1829,test,0,22.510972607878514,1.2065363742589639
1830,test,0,35.512882526126134,10.85263055510909
1831,test,0,30.399571847732084,3.6478689390653614
1832,test,0,33.6891526761474,5.04374685474367
1833,test,0,28.99002641682034,2.0965196417340897
1834,test,0,25.287836849368368,3.791266804455623
1835,test,0,33.25436389700666,1.4170937213708534
1836,test,0,32.77215513552811,1.9776249380084896
1837,test,0,34.36028482869861,6.5835546336792
1838,test,0,29.433476823106822,6.686988728481762
1839,test,0,26.500889883400752,5.206614537406976
1840,test,0,21.706065024880793,2.678104914064166
1841,test,1,33.596866340697034,1.187196991041226
1842,test,0,31.61944741221993,8.5313304265214
1843,test,0,24.671086835680203,7.020190483708416
1844,test,0,26.807131633516878,0.6260499909800759
1845,test,1,27.166205940242797,6.764476654689299
1846,test,0,22.08507784008791,2.8158344553117973
1847,test,0,25.41158801697433,6.000854130237164
1848,test,0,23.83084821596823,0.990567274182509
1849,test,0,27.437604940560316,2.188460946368761
1850,test,0,25.806512508352185,3.9976345896205716
1851,test,0,21.364975395666256,11.162558310661963
1852,test,0,39.61295115284741,4.00515603670358
1853,test,0,35.762703655146154,7.69150093566709
1854,test,0,25.604902892400073,4.404126409594965
1855,test,0,30.86210698326805,4.292157463779407
1856,test,0,31.587325449106476,5.403011807730116
1857,test,0,35.45542927386738,3.575937089758761
1858,test,0,25.406974866699606,6.47739118125117
1859,test,0,34.96053391991213,1.51231367147941
1860,test,0,26.760473478965324,3.594256849393996
1861,test,0,22.820687979156933,11.774069506958336
1862,test,1,33.12068279657249,7.90302688934996
1863,test,0,35.95379212061214,4.680951857382095
1864,test,0,42.439544867653424,7.196196661372202
1865,test,0,23.501373674548933,9.825624834281783
1866,test,0,32.99459842540394,0.5367062139226254
1867,test,0,27.450993781032334,3.0266884473756117
1868,test,0,33.416793552620156,2.1822162517115204
1869,test,0,22.147552243843748,1.0628968671212762
1870,test,0,23.18615112150718,12.858147201897435
1871,test,0,25.62062588416758,5.581847271640268
1872,test,0,29.89482022834042,7.028686271649905
1873,test,0,26.294593667308224,2.261234484977642
1874,test,0,32.7952717195671,2.97712318142718
1875,test,0,34.63447309128957,3.71939673605036
1876,test,0,32.49788770622678,4.9324095306845015
1877,test,1,37.59393819830434,6.3161229881174545
1878,test,1,31.579133147276714,6.0467609460395035
1879,test,0,23.415516448299165,3.130403361509684
1880,test,0,36.3168825676917,10.075971139190852
1881,test,0,26.474218821970013,8.787317014539283
1882,test,0,34.052092498427854,4.5874746814685325
1883,test,0,37.368671082775535,3.821972128066373
1884,test,0,31.783440053651997,2.950884272039095
1885,test,0,22.019205934176753,4.9523730496528415
1886,test,0,24.90893916745104,8.48624708080081
1887,test,0,36.113722334425674,3.886206801741735
1888,test,0,28.654386571785917,2.409234535623782
1889,test,0,29.89786767471083,3.8232316949189404
1890,test,0,33.29412208081805,4.647591197303869
1891,test,0,32.98161431040162,1.4225491804361199
1892,test,0,30.893999061927303,1.1087909665639666
1893,test,0,28.45665814389767,2.460404884326138
1894,test,0,27.936657771338215,10.062421873563789
1895,test,0,33.78949412645672,8.175849493062922
1896,test,0,32.26784765533897,0.8752544496489914
1897,test,0,28.21349999691105,1.7212101766893761
1898,test,0,34.910561564965704,6.243477913573339
1899,test,0,28.85482942435108,2.7127188811470413
1900,test,0,25.241689128328034,5.139331898033783
1901,test,0,25.705146505483278,0.9272481440948958
1902,test,0,24.60629581845117,3.766686067879091
1903,test,0,28.137949916981565,3.4852588972389693
1904,test,1,35.668621391680965,7.051414025940687
1905,test,0,25.474524094847457,4.9331609977381445
1906,test,0,30.442378805090513,4.1378475226854885
1907,test,0,26.216553271862935,0.7242685081637373
1908,test,1,28.198454793642814,12.017257995375981
1909,test,0,21.94979394007374,5.94263851714859
1910,test,0,28.397308854217314,2.10747262168351
1911,test,0,28.53147310097519,4.0626101193638675
1912,test,0,32.20143972017848,2.778410281096181
1913,test,0,30.616404566276852,3.198825223814735
1914,test,0,23.508039375239775,8.092644365734778
1915,test,0,34.920991220217715,1.7140058146486372
1916,test,1,30.55151520110998,6.1116322696087515
1917,test,0,30.491967585887434,8.31758696126197
1918,test,0,29.454088233074305,5.477628760129677
1919,test,0,26.9112127638889,3.3218714633280317
1920,test,0,30.58901169874363,1.9829582452425027
1921,test,0,31.87794217964291,2.220321013326111
1922,test,0,20.765521543272225,4.123488533676072
1923,test,0,26.80619581326952,3.8802039371496524
1924,test,0,28.225265147982054,6.632031079554487
1925,test,0,30.78085302847139,0.9956236589238661
1926,test,0,35.46655502963563,8.026199611641063
1927,test,0,25.64129592701609,17.11956764747862
1928,test,0,27.01019076591079,3.561842983495416
1929,test,0,26.93732944676725,3.1638241414096937
1930,test,1,25.492362049477293,3.3959010271432595
1931,test,0,27.764067524438687,4.020897018093516
1932,test,0,33.354011099939854,2.9772891945894395
1933,test,0,24.230822523178272,0.5492801979912656
1934,test,0,31.639071975764516,3.339891945145138
1935,test,0,20.990488849908324,4.197746233471742
1936,test,0,26.69331001778897,8.59829011681519
1937,test,0,27.85255349891007,1.694640500446297
1938,test,0,37.87429836457032,10.865263318878538
1939,test,0,28.12598847623656,2.8217976848929465
1940,test,0,18.493782632745408,1.8754305259781578
1941,test,0,19.505555465693753,5.9436884136903085
1942,test,0,29.670147931733403,2.5739315590126717
1943,test,0,32.568854278949544,3.612766766014822
1944,test,0,31.377279288136265,3.796757511406599
1945,test,0,30.337850529004953,5.714461734202415
1946,test,0,35.311297987528334,3.5338457574715942
1947,test,0,26.80204389631434,3.251408156685772
1948,test,0,33.974552780134125,2.7649200222523356
1949,test,0,21.339925574867912,5.328765427635775
1950,test,0,24.97526083530967,2.468450480660451
1951,test,0,20.464793025340917,8.785458120590361
1952,test,0,28.12577349665104,3.8277669786867903
1953,test,0,29.268693913668287,0.7663958726870572
1954,test,0,30.0705074611326,4.64523270224033
1955,test,0,29.809416764435674,5.190066710879718
1956,test,1,24.86223334594136,8.850010893473055
1957,test,0,28.548795777933922,2.058520919145812
1958,test,0,22.01276665697126,1.8136066737283738
1959,test,0,36.31614487566125,5.844478082806317
1960,test,0,27.981869635509995,7.919624871726988
1961,test,0,27.055569404781544,1.9907290366315111
1962,test,0,37.444701642220416,4.527728130353289
1963,test,0,23.288767332253855,3.5790171945009326
1964,test,0,23.872064429840155,2.0499894625563324
1965,test,0,24.018898375657173,3.4252545832612733
1966,test,0,29.16064309150259,7.553156266631961
1967,test,0,31.658158148187987,3.839680218990318
1968,test,0,33.19837734058917,3.291774193290048
1969,test,0,42.35997658747485,5.63765853659351
1970,test,0,18.25283772899618,8.007174952555832
1971,test,1,32.543677945622086,1.6688830391296139
1972,test,0,26.714347137138844,4.660162106397952
1973,test,0,26.567924255556132,2.835865401739365
1974,test,0,26.40113935873061,3.8521551003789787
1975,test,0,24.956151645960134,5.942270767121937
1976,test,0,37.922624173017255,3.011834269732657
1977,test,0,33.71148663506951,3.513996634833545
1978,test,0,29.615979892786875,7.14955277972174
1979,test,0,36.255078762435005,5.103431716617799
1980,test,1,21.937355173505622,3.4553705999223583
1981,test,0,22.84647434334537,4.128083744290507
1982,test,0,18.61016133902656,3.913848159791194
1983,test,1,26.00292729938356,0.708215071451582
1984,test,0,30.308492633523766,4.178460136190017
1985,test,0,30.01429288966167,1.226771681912626
1986,test,0,30.246709555299404,7.86090640049707
1987,test,0,22.44471584466959,1.2001873017805946
1988,test,1,33.51577371307011,2.728031860316132
1989,test,1,30.69813759119499,2.339286316440976
1990,test,0,33.165271407329996,9.799307409161433
1991,test,0,20.03618911204974,7.647471686942357
1992,test,0,31.05745429398895,0.32909487013583233
1993,test,0,23.561173800412366,3.700520684941034
1994,test,0,27.513383737243192,1.4318992529224728
1995,test,0,32.171824493181916,4.189742932123487
1996,test,1,29.955468031279565,5.851123110379156
1997,test,1,25.242300101103407,4.443965509425454
1998,test,0,29.53136578092209,6.0922803520443995
1999,test,0,21.842323423781785,3.074062190894857
2000,test,0,35.251336979491484,4.544267342630629
